,block_id,user_id,created_at,role,status,updated_at
0,60b083c0-528d-11ec-a9bd-be7e7a8d3eac,5e64bb62-4be0-11ec-aad5-eccb9bc4f187,2021-12-01 09:59:31.012,host,accepted,
1,62b7b4c2-528d-11ec-b593-8418c6c68351,c9d7fd14-4d7f-11ec-bde9-aacd36976ad4,2021-12-01 09:59:34.413,host,accepted,
2,c0c11524-51b4-11ec-aae1-5aaf90033b69,086c0164-3e09-11ec-af1c-166bc3c05ee1,2021-11-30 08:08:51.169,host,accepted,
3,907828c2-51bd-11ec-85d6-d1be5d0994ca,e340d9c6-4364-11ec-a444-e734332dc01d,2021-11-30 09:50:24.105,guest,,
4,883b6a5a-51ba-11ec-848d-795ca23cc858,87cc8630-51ba-11ec-8401-8a1eed32e025,2021-11-30 08:50:13.305,host,accepted,
5,6509a1b8-528d-11ec-87b5-a2668cd1f91a,0acdc93c-3289-11ec-8288-37b3a133648b,2021-12-01 09:59:38.303,host,accepted,
6,5c097ac0-528d-11ec-a2a8-ca4242a51646,bc184e68-3286-11ec-8b7b-83da43ba4362,2021-12-01 09:59:23.207,host,accepted,
7,5f63c9c8-528d-11ec-9d06-7d6824b62304,e0a78ae2-4e5a-11ec-8ec2-a2ea2ca4bbe7,2021-12-01 09:59:28.831,host,accepted,
8,d3461bfa-56e5-11ec-9725-bea6b4592d55,4207fabe-4191-11ec-a39e-becb1c27bf8c,2021-12-06 23:06:34.637,guest,,
9,d3461bfa-56e5-11ec-9725-bea6b4592d55,73e6789c-41ca-11ec-a8b6-a4c0148ad650,2021-12-06 22:49:59.841,host,accepted,
10,5abb68c2-528d-11ec-8dbb-af9135ecdca4,774f3b62-3e97-11ec-a752-999697ce82c9,2021-12-01 09:59:21.019,host,accepted,
11,6a5af1b8-5714-11ec-b412-48c7fb3d4a95,69ded394-5714-11ec-9c4f-88116078fe89,2021-12-07 04:16:13.702,host,accepted,
12,2a408d42-51db-11ec-8731-b7b3795d6762,07bb7218-3e1d-11ec-807f-e967a48dff68,2021-11-30 12:48:39.129,host,accepted,
13,2a408d42-51db-11ec-8731-b7b3795d6762,87cc8630-51ba-11ec-8401-8a1eed32e025,2021-11-30 12:48:42.944,guest,,
14,57d29aa4-528d-11ec-934c-336f602071c0,0b940da4-3fa4-11ec-ae44-e418f1ed08b7,2021-12-01 09:59:16.138,host,accepted,
15,56f22f32-528d-11ec-a4a5-1ffaf67e0862,caf68e22-3317-11ec-b992-c183bb5a0aba,2021-12-01 09:59:14.668,host,accepted,
16,5b9ad034-528d-11ec-91f1-9fa6938adbf6,30ecc4be-331b-11ec-8b7c-4f667ee55425,2021-12-01 09:59:22.478,host,accepted,
17,5fd266f8-528d-11ec-91e2-1eba7f1659e5,745f49f8-3288-11ec-b6d7-04912a3f45ac,2021-12-01 09:59:29.557,host,accepted,
18,59211322-528d-11ec-9720-af327b3c209f,dbc30076-484f-11ec-b060-b50460965605,2021-12-01 09:59:18.330,host,accepted,
19,50d67db0-528d-11ec-af83-2c2426fd1f6c,02067cf4-407b-11ec-97e9-a72123dd15f3,2021-12-01 09:59:04.418,host,accepted,
20,5e138e50-528d-11ec-b2b3-b72339d087da,73e6789c-41ca-11ec-a8b6-a4c0148ad650,2021-12-01 09:59:26.629,host,accepted,
21,61d95fc4-528d-11ec-8fd6-a3c3e9c60000,1f72bb52-4627-11ec-9b1b-66de6f72b2fe,2021-12-01 09:59:32.957,host,accepted,
22,42986574-58b9-11ec-8c11-affed2654525,423451ba-58b9-11ec-acc0-4820484bcd89,2021-12-09 06:28:45.120,host,accepted,
23,bd05abbc-55e6-11ec-b1b2-4cd4450b20c0,bc8c628e-55e6-11ec-bc05-1e9e9f29ac54,2021-12-05 16:16:44.382,host,accepted,
24,52df99e8-528d-11ec-abc9-2cd57eb946e7,6de0cc28-407f-11ec-983a-242accf03efa,2021-12-01 09:59:07.834,host,accepted,
25,52703ecc-528d-11ec-a858-14684abb7f20,eff78ff4-324b-11ec-8a7a-9284af838714,2021-12-01 09:59:07.104,host,accepted,
26,51b5ce98-528d-11ec-b5a0-9db0c2e61ec2,3d918522-3313-11ec-8329-feef32fc5b19,2021-12-01 09:59:05.878,host,accepted,
27,b340afc4-5653-11ec-96dc-cd781f7fce08,b2a9f62e-5653-11ec-811a-8d9a3831ba42,2021-12-06 05:16:43.135,host,accepted,
28,d7a09440-57a4-11ec-8168-2b59a0016b9b,ee248f30-4bd5-11ec-9b73-dd21c2b4b8f3,2021-12-07 21:31:56.275,guest,,
29,58b1ca08-528d-11ec-836f-8802f557486f,a3fcb9c8-3e1f-11ec-a777-75b999be7f89,2021-12-01 09:59:17.596,host,accepted,
30,b3792510-51c7-11ec-8b02-97708e6163b0,e340d9c6-4364-11ec-a444-e734332dc01d,2021-11-30 11:10:03.718,host,accepted,
31,b3792510-51c7-11ec-8b02-97708e6163b0,26a04a38-4367-11ec-af61-e464f5f6361c,2021-11-30 11:10:00.157,guest,,
32,6248c378-528d-11ec-beac-36b8414b7a3a,8a069110-3316-11ec-9558-81268cfa1e12,2021-12-01 09:59:33.687,host,accepted,
33,66c52d42-528d-11ec-b8a3-bacd1e50d0f7,7e1a8aca-4bdd-11ec-91be-37ccbb55fab5,2021-12-01 09:59:41.213,host,accepted,
34,90bda962-51bb-11ec-949c-ce4ee627e597,4b96e0f6-323f-11ec-b1ea-94bbbdaee87f,2021-11-30 08:57:37.083,host,accepted,
35,90bda962-51bb-11ec-949c-ce4ee627e597,87cc8630-51ba-11ec-8401-8a1eed32e025,2021-11-30 12:57:59.096,guest,,
36,90bda962-51bb-11ec-949c-ce4ee627e597,8faf58a8-51d0-11ec-afe6-e88efaccecbd,2021-11-30 13:00:46.809,guest,,
37,5a4b9826-528d-11ec-969e-9179ebefed2b,ee248f30-4bd5-11ec-9b73-dd21c2b4b8f3,2021-12-01 09:59:20.285,host,accepted,
38,5a4b9826-528d-11ec-969e-9179ebefed2b,5e64bb62-4be0-11ec-aad5-eccb9bc4f187,2021-12-09 01:41:15.338,guest,,
39,5a4b9826-528d-11ec-969e-9179ebefed2b,2a62ccd0-4be7-11ec-927f-6becf3f7aa96,2021-12-07 21:28:18.670,guest,,
40,13ef89a6-53e5-11ec-8856-019d7cedd557,086c0164-3e09-11ec-af1c-166bc3c05ee1,2021-12-07 04:16:13.627,guest,,
41,13ef89a6-53e5-11ec-8856-019d7cedd557,f3e85cce-3e17-11ec-af04-0cc96973a2b9,2021-12-07 04:08:10.656,guest,,
42,13ef89a6-53e5-11ec-8856-019d7cedd557,86cf42e0-3e19-11ec-8ca4-e0c4d5ea46e8,2021-12-07 04:16:06.075,guest,,
43,13ef89a6-53e5-11ec-8856-019d7cedd557,07bb7218-3e1d-11ec-807f-e967a48dff68,2021-12-07 04:17:31.006,guest,,
44,13ef89a6-53e5-11ec-8856-019d7cedd557,320a7c5e-3e21-11ec-8ac5-2ba34ecb720d,2021-12-07 04:15:52.956,guest,,
45,13ef89a6-53e5-11ec-8856-019d7cedd557,69881ffa-3e22-11ec-a810-ddc3ee85e7df,2021-12-07 04:21:54.827,guest,,
46,13ef89a6-53e5-11ec-8856-019d7cedd557,4fb96794-3e24-11ec-8fa2-eaabe3d3895a,2021-12-07 04:19:45.453,guest,,
47,13ef89a6-53e5-11ec-8856-019d7cedd557,0b940da4-3fa4-11ec-ae44-e418f1ed08b7,2021-12-07 04:53:23.141,guest,,
48,13ef89a6-53e5-11ec-8856-019d7cedd557,0a797542-4055-11ec-b470-35f604c8d212,2021-12-06 17:32:54.290,guest,,
49,13ef89a6-53e5-11ec-8856-019d7cedd557,02067cf4-407b-11ec-97e9-a72123dd15f3,2021-12-07 04:21:53.888,guest,,
50,13ef89a6-53e5-11ec-8856-019d7cedd557,51ddb6b0-407c-11ec-b312-c1f9cdf12ba7,2021-12-07 04:19:30.094,guest,,
51,13ef89a6-53e5-11ec-8856-019d7cedd557,6de0cc28-407f-11ec-983a-242accf03efa,2021-12-07 04:18:01.767,guest,,
52,13ef89a6-53e5-11ec-8856-019d7cedd557,4207fabe-4191-11ec-a39e-becb1c27bf8c,2021-12-03 03:04:04.954,host,accepted,
53,13ef89a6-53e5-11ec-8856-019d7cedd557,73e6789c-41ca-11ec-a8b6-a4c0148ad650,2021-12-07 04:56:56.296,guest,,
54,13ef89a6-53e5-11ec-8856-019d7cedd557,e340d9c6-4364-11ec-a444-e734332dc01d,2021-12-07 04:11:16.894,guest,,
55,649a72ac-528d-11ec-a041-c44fffd61985,efcf0f12-4bef-11ec-9846-6562e6fb1b2a,2021-12-01 09:59:37.578,host,accepted,
56,ef758e02-51cf-11ec-8743-81712b45fb14,e340d9c6-4364-11ec-a444-e734332dc01d,2021-11-30 11:25:54.600,guest,,
57,ef758e02-51cf-11ec-8743-81712b45fb14,26a04a38-4367-11ec-af61-e464f5f6361c,2021-11-30 11:23:46.759,host,accepted,
58,5b2b66e0-528d-11ec-a98b-739d7f68af1d,4207fabe-4191-11ec-a39e-becb1c27bf8c,2021-12-01 09:59:21.753,host,accepted,
59,5ce88206-528d-11ec-bbf3-666da776135f,1558551e-3321-11ec-bf95-ce61f5ff7995,2021-12-01 09:59:24.670,host,accepted,
60,642ace70-528d-11ec-a867-95695e43bf1c,a458b4c8-3288-11ec-a33c-e474f52b8cb5,2021-12-01 09:59:36.846,host,accepted,
61,5e839e48-51bb-11ec-8293-67e73ae250ef,2350f594-3287-11ec-9bc4-d0dbea1a278a,2021-11-30 08:56:12.827,host,accepted,
62,54d1c2be-5650-11ec-b979-e9fd5cc3806b,26a04a38-4367-11ec-af61-e464f5f6361c,2021-12-06 04:53:15.186,host,accepted,
63,5da3965e-528d-11ec-bd78-7dd36fcc9c1e,4fb96794-3e24-11ec-8fa2-eaabe3d3895a,2021-12-01 09:59:25.896,host,accepted,
64,5558963e-528d-11ec-a05e-846a1339d46c,c3b2ec0f-c313-11eb-7f7f-7f7f7f7f7f7f,2021-12-01 09:59:11.983,host,accepted,
65,53bf651e-528d-11ec-b620-b9099400d3b9,5ed2c3d6-3322-11ec-96e6-b73ed3eda142,2021-12-01 09:59:09.301,host,accepted,
66,5c794404-528d-11ec-9d30-ea6d36c75d4f,ade92c2c-3312-11ec-a32c-45e028c81697,2021-12-01 09:59:23.940,host,accepted,
67,245f9614-51ce-11ec-ac8e-1f7be6f879a9,26a04a38-4367-11ec-af61-e464f5f6361c,2021-11-30 11:17:29.132,guest,,
68,34e94b58-5285-11ec-8167-530874f0b74f,26a04a38-4367-11ec-af61-e464f5f6361c,2021-12-06 04:49:28.084,host,accepted,
69,6655bf20-528d-11ec-a46c-98044f6d1ce0,eb60082a-333d-11ec-9f80-77b71cd31133,2021-12-01 09:59:40.482,host,accepted,
70,54e8cd18-528d-11ec-b3b0-40b3a8e367d2,0a797542-4055-11ec-b470-35f604c8d212,2021-12-01 09:59:11.248,host,accepted,
71,4ff775e8-528d-11ec-b178-0646f05b60cb,2a62ccd0-4be7-11ec-927f-6becf3f7aa96,2021-12-01 09:59:02.957,host,accepted,
72,5066cf24-528d-11ec-b170-fd3fd028c378,537434f4-3311-11ec-a869-2be28de0cf2b,2021-12-01 09:59:03.686,host,accepted,
73,eebeb3a2-51bc-11ec-812e-2ac15464d590,4b96e0f6-323f-11ec-b1ea-94bbbdaee87f,2021-11-30 09:12:13.884,host,accepted,
74,eebeb3a2-51bc-11ec-812e-2ac15464d590,07bb7218-3e1d-11ec-807f-e967a48dff68,2021-11-30 13:36:50.282,guest,,
75,eebeb3a2-51bc-11ec-812e-2ac15464d590,e340d9c6-4364-11ec-a444-e734332dc01d,2021-11-30 13:31:22.756,guest,,
76,eebeb3a2-51bc-11ec-812e-2ac15464d590,87cc8630-51ba-11ec-8401-8a1eed32e025,2021-11-30 13:08:17.187,guest,,
77,eebeb3a2-51bc-11ec-812e-2ac15464d590,8faf58a8-51d0-11ec-afe6-e88efaccecbd,2021-11-30 13:22:08.673,guest,,
78,65779fd8-528d-11ec-9f32-0bbd68c8eed1,af4f58a6-3287-11ec-9032-62ed03babd49,2021-12-01 09:59:39.023,host,accepted,
79,65e66c88-528d-11ec-8531-ed48113bc6be,3ae3a6e8-353e-11ec-9fa1-8523b02e4912,2021-12-01 09:59:39.755,host,accepted,
80,800705f6-5340-11ec-85cc-28aa22bd9762,fcd85ac4-354c-11ec-8a67-a069389d8a76,2021-12-02 07:22:10.992,host,accepted,
81,5479f136-528d-11ec-a049-c153c67e3baf,3a696060-3e8d-11ec-baff-f27d46aee000,2021-12-01 09:59:10.519,host,accepted,
82,534f8c08-528d-11ec-a408-d7170d3b3324,3f2b1baa-407e-11ec-9d4e-d3c8bb216e8c,2021-12-01 09:59:08.567,host,accepted,
83,63bb93de-528d-11ec-b4b8-ec54fcb3f228,26b303f2-4bd3-11ec-87c1-e517be6df39b,2021-12-01 09:59:36.118,host,accepted,
84,611f4800-528d-11ec-8b72-44a8ba52525d,fcd85ac4-354c-11ec-8a67-a069389d8a76,2021-12-01 09:59:31.737,host,accepted,
85,b5620984-51cf-11ec-aae6-7abbf3913387,07bb7218-3e1d-11ec-807f-e967a48dff68,2021-11-30 11:21:48.495,host,accepted,
86,55c8088e-528d-11ec-8645-14db32447316,ac47e572-3f9f-11ec-8706-336d1ac4848e,2021-12-01 09:59:12.713,host,accepted,
87,67353b8c-528d-11ec-8f11-9ef5f08d97de,30f4fe9e-4122-11ec-acc7-ef8de78e03cc,2021-12-01 09:59:41.949,host,accepted,
88,9061d7d0-51d0-11ec-a77a-8f305af09c4d,8faf58a8-51d0-11ec-afe6-e88efaccecbd,2021-11-30 11:27:55.909,host,accepted,
89,f504bbfa-51bf-11ec-a70c-977f11dd994d,4b96e0f6-323f-11ec-b1ea-94bbbdaee87f,2021-11-30 11:13:56.205,host,accepted,
90,f504bbfa-51bf-11ec-a70c-977f11dd994d,69881ffa-3e22-11ec-a810-ddc3ee85e7df,2021-11-30 11:13:51.435,guest,,
91,f504bbfa-51bf-11ec-a70c-977f11dd994d,87cc8630-51ba-11ec-8401-8a1eed32e025,2021-11-30 10:54:43.824,guest,,
92,477c430e-51e7-11ec-9563-1346c7cc6a76,07bb7218-3e1d-11ec-807f-e967a48dff68,2021-12-01 09:30:01.759,host,accepted,
93,67a6bb9a-528d-11ec-84c1-9859c095793b,d1677ee0-323d-11ec-bd52-c72d60dcf1c1,2021-12-01 09:59:42.693,host,accepted,
94,516bce0a-5289-11ec-b508-6b4bb6a4dfd0,07bb7218-3e1d-11ec-807f-e967a48dff68,2021-12-01 09:30:42.715,host,accepted,
95,5145d0ca-528d-11ec-8cc5-d44ecd7ac4ac,a2380034-4be4-11ec-8a8a-f97b5077e4e7,2021-12-01 09:59:05.148,host,accepted,
96,4f634f6c-528d-11ec-a064-868ad0e42c7c,3ba443ea-4348-11ec-b120-40d7b2fee6a6,2021-12-01 09:59:02.227,host,accepted,
97,57625c12-528d-11ec-9ca2-7fbe79f97141,86cf42e0-3e19-11ec-8ca4-e0c4d5ea46e8,2021-12-01 09:59:15.403,host,accepted,
98,03573f6a-51bc-11ec-8a7d-4c4d3f854aae,e340d9c6-4364-11ec-a444-e734332dc01d,2021-11-30 09:04:02.552,host,accepted,
99,03573f6a-51bc-11ec-8a7d-4c4d3f854aae,26a04a38-4367-11ec-af61-e464f5f6361c,2021-11-30 09:03:29.754,guest,,
100,5ef3f544-528d-11ec-91de-0c23799fbf5f,b483956c-3313-11ec-bd26-6acbf2da7988,2021-12-01 09:59:28.100,host,accepted,
101,60421048-528d-11ec-a8f4-77d6acb6d6ab,70c44a02-4a69-11ec-8a7d-52083742658f,2021-12-01 09:59:30.284,host,accepted,
102,5637e8ac-528d-11ec-9014-2160abc2db5f,f3e85cce-3e17-11ec-af04-0cc96973a2b9,2021-12-01 09:59:13.441,host,accepted,
103,81ec7368-56d0-11ec-a079-ba552fe581f1,5e64bb62-4be0-11ec-aad5-eccb9bc4f187,2021-12-06 20:48:06.764,guest,,
104,81ec7368-56d0-11ec-a079-ba552fe581f1,2a62ccd0-4be7-11ec-927f-6becf3f7aa96,2021-12-06 20:59:08.129,guest,,
105,5842624e-528d-11ec-aec8-a7cb6990330f,320a7c5e-3e21-11ec-8ac5-2ba34ecb720d,2021-12-01 09:59:16.870,host,accepted,
106,5e83e2c2-528d-11ec-9a1a-422f03e089f7,51ddb6b0-407c-11ec-b312-c1f9cdf12ba7,2021-12-01 09:59:27.366,host,accepted,
107,59916258-528d-11ec-994a-e7ffe15c880c,1c436d76-3e1d-11ec-a740-bc4950c54081,2021-12-01 09:59:19.065,host,accepted,
