,party_id,user_id,attendance_status,created_at,ext,invitation_code,invitee_ids,role,updated_at
0,e466a9f2-5318-11ec-a8a2-8daeb074a1ae,73e6789c-41ca-11ec-a8b6-a4c0148ad650,left,2021-12-02 02:38:11.795,,1d6e5feb,,host,2021-12-02 02:38:44.193
1,7d7fbcc4-4c92-11ec-8907-98f59b9e3b1b,ee248f30-4bd5-11ec-9b73-dd21c2b4b8f3,left,2021-11-23 19:20:59.615,,1c24572b,,host,2021-11-23 19:21:29.959
2,7d7fbcc4-4c92-11ec-8907-98f59b9e3b1b,5e64bb62-4be0-11ec-aad5-eccb9bc4f187,left,2021-11-23 19:21:18.843,,418dc891,,guest,2021-11-23 19:23:30.196
3,61640b36-354e-11ec-b19b-1a6c70deb5be,fcd85ac4-354c-11ec-8a67-a069389d8a76,left,2021-10-25 04:45:29.936,,b102c256,,host,2021-10-25 04:45:57.913
4,579ab14e-4071-11ec-ad47-a273009342b9,2350f594-3287-11ec-9bc4-d0dbea1a278a,left,2021-11-08 08:53:28.692,,39ab9465,SortedSet([UUID('87cc8630-51ba-11ec-8401-8a1eed32e025')]),host,2021-11-30 08:51:48.542
5,579ab14e-4071-11ec-ad47-a273009342b9,87cc8630-51ba-11ec-8401-8a1eed32e025,left,2021-11-30 08:53:20.772,,73a453b4,,guest,2021-11-30 08:55:47.350
6,37e3dcaa-4be7-11ec-9b79-9e12f9202248,ee248f30-4bd5-11ec-9b73-dd21c2b4b8f3,left,2021-11-22 22:54:58.889,,43172188,,host,2021-11-22 22:55:43.597
7,37e3dcaa-4be7-11ec-9b79-9e12f9202248,a2380034-4be4-11ec-8a8a-f97b5077e4e7,left,2021-11-22 23:00:59.557,,b710a213,,guest,2021-11-22 23:23:15.678
8,37e3dcaa-4be7-11ec-9b79-9e12f9202248,2a62ccd0-4be7-11ec-927f-6becf3f7aa96,left,2021-11-22 22:58:50.399,,df98f688,,guest,2021-11-22 23:23:15.317
9,1eb88814-4d7e-11ec-93cb-5e58d2c28468,efcf0f12-4bef-11ec-9846-6562e6fb1b2a,left,2021-11-24 23:27:41.832,,ca6e3e55,,host,2021-11-24 23:27:45.251
10,48acb75e-4062-11ec-80c3-669934ce5a0c,0b940da4-3fa4-11ec-ae44-e418f1ed08b7,left,2021-11-08 07:05:41.196,,b5a84f17,,host,2021-11-08 09:40:05.854
11,5aaa826e-4045-11ec-b162-669934ce5a0c,07bb7218-3e1d-11ec-807f-e967a48dff68,left,2021-11-08 03:38:35.972,,98d78e91,,host,2021-11-08 03:38:39.846
12,7bc26a0e-3e18-11ec-b5c8-9ecc81379b17,fcd85ac4-354c-11ec-8a67-a069389d8a76,left,2021-11-05 09:12:21.816,,10f491ee,,host,2021-11-08 03:43:32.514
13,d7b1315c-354d-11ec-b873-eedd329acacc,fcd85ac4-354c-11ec-8a67-a069389d8a76,left,2021-10-25 04:41:38.918,,11df99a8,,host,2021-10-25 04:45:42.119
14,c324e1e0-4635-11ec-9689-90cee41b54b9,26a04a38-4367-11ec-af61-e464f5f6361c,left,2021-11-15 17:02:06.288,,b2d67958,,host,2021-11-15 17:02:08.328
15,6b01f102-4d82-11ec-9467-fafd7ae9efd8,a2380034-4be4-11ec-8a8a-f97b5077e4e7,left,2021-11-24 23:58:27.806,,837b469d,,host,2021-11-24 23:58:53.776
16,01365834-4365-11ec-98b4-fb43eead1ea3,e340d9c6-4364-11ec-a444-e734332dc01d,left,2021-11-12 03:02:43.278,,a8d75977,,host,2021-11-30 14:22:52.016
17,41aa4f10-4c43-11ec-b9e4-09a9c57df34b,320a7c5e-3e21-11ec-8ac5-2ba34ecb720d,left,2021-11-23 09:53:48.988,,2089eb44,,host,2021-12-06 10:51:54.664
18,be3470d2-3579-11ec-9e3a-ca1d8b11d726,4b96e0f6-323f-11ec-b1ea-94bbbdaee87f,left,2021-10-25 09:57:38.049,,f219a371,,guest,2021-10-25 10:01:31.520
19,be3470d2-3579-11ec-9e3a-ca1d8b11d726,3d918522-3313-11ec-8329-feef32fc5b19,,2021-10-25 09:58:56.860,,386dbbc3,,guest,
20,24232cc2-3af6-11ec-b16e-de83cac4f836,4b96e0f6-323f-11ec-b1ea-94bbbdaee87f,left,2021-11-01 09:31:10.250,,9df186bc,,guest,2021-11-01 09:31:16.397
21,24232cc2-3af6-11ec-b16e-de83cac4f836,0acdc93c-3289-11ec-8288-37b3a133648b,left,2021-11-01 09:29:26.734,,a995c612,,guest,2021-11-01 09:30:22.193
22,6c10010c-4e35-11ec-98de-92fdd2ec25e4,2a62ccd0-4be7-11ec-927f-6becf3f7aa96,left,2021-11-25 21:19:49.494,,e75099cf,,host,2021-11-25 21:19:52.458
23,3eced858-330f-11ec-9992-5adc50ad8e5b,4b96e0f6-323f-11ec-b1ea-94bbbdaee87f,left,2021-10-22 08:15:15.764,,a495319f,,guest,2021-10-27 09:14:24.743
24,3eced858-330f-11ec-9992-5adc50ad8e5b,2350f594-3287-11ec-9bc4-d0dbea1a278a,,2021-10-22 08:27:12.559,,e1770bd7,,guest,
25,3eced858-330f-11ec-9992-5adc50ad8e5b,a458b4c8-3288-11ec-a33c-e474f52b8cb5,,2021-10-22 08:11:08.443,,8c3aedb4,,guest,
26,3eced858-330f-11ec-9992-5adc50ad8e5b,537434f4-3311-11ec-a869-2be28de0cf2b,,2021-10-22 08:24:48.154,,1b01dbce,,guest,
27,3eced858-330f-11ec-9992-5adc50ad8e5b,3d918522-3313-11ec-8329-feef32fc5b19,left,2021-10-27 09:11:52.659,,1ac38f08,,guest,2021-10-27 09:12:06.008
28,a25787be-4050-11ec-ba64-0ed1735cda86,86cf42e0-3e19-11ec-8ca4-e0c4d5ea46e8,left,2021-11-08 04:59:20.689,,6984ef2f,,host,2021-11-08 04:59:22.810
29,45591f22-42f9-11ec-911f-dd250e8620a9,4b96e0f6-323f-11ec-b1ea-94bbbdaee87f,left,2021-11-11 14:11:31.947,,cc2a1375,,host,2021-11-11 14:11:34.391
30,9af92de4-3e1e-11ec-a88f-6e7b990e60c1,07bb7218-3e1d-11ec-807f-e967a48dff68,left,2021-11-05 09:56:11.165,,5ce16c85,,host,2021-11-08 03:12:23.223
31,a937c282-4d80-11ec-a295-c7b29e60a23e,efcf0f12-4bef-11ec-9846-6562e6fb1b2a,left,2021-11-24 23:45:53.187,,eba18f4a,,host,2021-11-24 23:57:41.663
32,5350a364-4634-11ec-92ef-1bd2d2251e49,26a04a38-4367-11ec-af61-e464f5f6361c,left,2021-11-15 16:53:50.814,,026950b2,,guest,2021-11-15 17:02:58.296
33,5350a364-4634-11ec-92ef-1bd2d2251e49,1f72bb52-4627-11ec-9b1b-66de6f72b2fe,left,2021-11-15 16:51:49.171,,2228437b,SortedSet([UUID('26a04a38-4367-11ec-af61-e464f5f6361c')]),host,2021-11-15 16:52:31.843
34,dd77edae-3711-11ec-9e3a-ca1d8b11d726,4b96e0f6-323f-11ec-b1ea-94bbbdaee87f,left,2021-10-27 10:38:06.732,,bf5697d9,,guest,2021-10-27 10:39:28.906
35,87caade0-3af6-11ec-b32b-7ad4ba4e9e08,4b96e0f6-323f-11ec-b1ea-94bbbdaee87f,left,2021-11-01 09:32:53.009,,2f70a8b6,,guest,2021-11-01 09:33:51.247
36,87caade0-3af6-11ec-b32b-7ad4ba4e9e08,0acdc93c-3289-11ec-8288-37b3a133648b,left,2021-11-01 09:33:03.451,,a6b934ce,,guest,2021-11-01 09:33:07.210
37,477c37a6-51e7-11ec-89b6-10c0093ca941,07bb7218-3e1d-11ec-807f-e967a48dff68,left,2021-11-30 14:10:32.030,,19630b7c,,host,2021-12-01 09:12:54.829
38,6c41023c-4bee-11ec-8c33-6673bc983d40,ee248f30-4bd5-11ec-9b73-dd21c2b4b8f3,left,2021-11-22 23:46:33.224,,490859f4,SortedSet([UUID('5e64bb62-4be0-11ec-aad5-eccb9bc4f187')]),host,2021-11-22 23:47:14.888
39,6c41023c-4bee-11ec-8c33-6673bc983d40,5e64bb62-4be0-11ec-aad5-eccb9bc4f187,left,2021-11-22 23:48:07.242,,cb76189d,,guest,2021-11-23 00:04:46.906
40,6c41023c-4bee-11ec-8c33-6673bc983d40,a2380034-4be4-11ec-8a8a-f97b5077e4e7,left,2021-11-22 23:48:24.612,,ab0dfc31,,guest,2021-11-23 00:05:13.699
41,6c41023c-4bee-11ec-8c33-6673bc983d40,2a62ccd0-4be7-11ec-927f-6becf3f7aa96,left,2021-11-22 23:46:58.690,,4bfdc4d7,,guest,2021-11-23 00:04:48.400
42,84503f24-4085-11ec-aa51-0ed1735cda86,07bb7218-3e1d-11ec-807f-e967a48dff68,left,2021-11-08 11:17:53.636,,59fe9d92,,host,2021-11-08 11:17:55.145
43,90781116-51bd-11ec-94a6-19c8d65d67cf,e340d9c6-4364-11ec-a444-e734332dc01d,left,2021-11-30 09:49:54.135,,c766ba8e,,guest,2021-11-30 09:50:25.161
44,90781116-51bd-11ec-94a6-19c8d65d67cf,26a04a38-4367-11ec-af61-e464f5f6361c,left,2021-11-30 09:11:55.620,,6d69a69f,SortedSet([UUID('e340d9c6-4364-11ec-a444-e734332dc01d')]),host,2021-11-30 09:49:04.434
45,809fed64-4ef1-11ec-ad11-e924bef0f655,ee248f30-4bd5-11ec-9b73-dd21c2b4b8f3,left,2021-11-26 19:46:09.373,,a3895484,"SortedSet([UUID('2a62ccd0-4be7-11ec-927f-6becf3f7aa96'), UUID('5e64bb62-4be0-11ec-aad5-eccb9bc4f187')])",host,2021-11-26 19:46:20.304
46,809fed64-4ef1-11ec-ad11-e924bef0f655,5e64bb62-4be0-11ec-aad5-eccb9bc4f187,left,2021-11-26 19:49:00.413,,dbbbc98e,,guest,2021-11-26 19:50:21.481
47,809fed64-4ef1-11ec-ad11-e924bef0f655,2a62ccd0-4be7-11ec-927f-6becf3f7aa96,left,2021-11-26 19:46:41.486,,1c07c995,,guest,2021-11-26 19:50:21.451
48,b515d1b0-4bf1-11ec-b0c9-d7c9eefc1a04,5e64bb62-4be0-11ec-aad5-eccb9bc4f187,left,2021-11-23 01:05:17.706,,e70d67e1,,guest,2021-11-23 01:40:50.156
49,b515d1b0-4bf1-11ec-b0c9-d7c9eefc1a04,a2380034-4be4-11ec-8a8a-f97b5077e4e7,left,2021-11-23 00:10:03.899,,1778cd79,"SortedSet([UUID('2a62ccd0-4be7-11ec-927f-6becf3f7aa96'), UUID('5e64bb62-4be0-11ec-aad5-eccb9bc4f187')])",host,2021-11-23 00:55:11.535
50,0229feb2-3708-11ec-9e3a-ca1d8b11d726,4b96e0f6-323f-11ec-b1ea-94bbbdaee87f,left,2021-10-27 09:27:19.555,,b2b8c279,,guest,2021-10-27 09:27:29.112
51,1ba97d9c-4043-11ec-ad47-a273009342b9,3d918522-3313-11ec-8329-feef32fc5b19,left,2021-11-08 03:22:31.276,,0362f87e,,host,2021-11-08 10:08:46.062
52,1ba97d9c-4043-11ec-ad47-a273009342b9,69881ffa-3e22-11ec-a810-ddc3ee85e7df,left,2021-11-08 10:07:46.931,,aca9177e,,guest,2021-11-08 10:10:23.658
53,81ec6558-56d0-11ec-b38e-1d9a1dd1bfdd,ee248f30-4bd5-11ec-9b73-dd21c2b4b8f3,left,2021-12-06 20:10:07.467,,cf76006b,"SortedSet([UUID('2a62ccd0-4be7-11ec-927f-6becf3f7aa96'), UUID('5e64bb62-4be0-11ec-aad5-eccb9bc4f187')])",host,2021-12-06 20:10:20.405
54,81ec6558-56d0-11ec-b38e-1d9a1dd1bfdd,5e64bb62-4be0-11ec-aad5-eccb9bc4f187,left,2021-12-06 20:11:37.414,,6c75bc05,,guest,2021-12-06 20:48:07.085
55,81ec6558-56d0-11ec-b38e-1d9a1dd1bfdd,2a62ccd0-4be7-11ec-927f-6becf3f7aa96,left,2021-12-06 20:12:06.841,,e742583b,,guest,2021-12-06 20:56:04.478
56,26547e62-4841-11ec-81be-6ebe5c7398fa,4207fabe-4191-11ec-a39e-becb1c27bf8c,left,2021-11-18 07:28:39.483,,68b44eb7,,host,2021-11-18 07:28:41.345
57,3d4df496-57a4-11ec-8444-3160d815de60,ee248f30-4bd5-11ec-9b73-dd21c2b4b8f3,left,2021-12-07 21:25:45.648,,69c505d4,,host,2021-12-07 21:26:44.530
58,3d4df496-57a4-11ec-8444-3160d815de60,5e64bb62-4be0-11ec-aad5-eccb9bc4f187,left,2021-12-07 21:26:42.762,,dee0dbf1,,guest,2021-12-07 21:26:55.385
59,3d4df496-57a4-11ec-8444-3160d815de60,2a62ccd0-4be7-11ec-927f-6becf3f7aa96,left,2021-12-07 21:26:42.890,,9e6c2094,,guest,2021-12-07 21:26:55.360
60,971f5e66-51d1-11ec-841f-80bbb33132dc,4b96e0f6-323f-11ec-b1ea-94bbbdaee87f,left,2021-11-30 11:35:16.711,,dff45018,SortedSet([UUID('8faf58a8-51d0-11ec-afe6-e88efaccecbd')]),host,2021-11-30 11:35:19.925
61,971f5e66-51d1-11ec-841f-80bbb33132dc,8faf58a8-51d0-11ec-afe6-e88efaccecbd,left,2021-11-30 11:37:37.188,,a6cdd102,,guest,2021-11-30 11:53:27.057
62,2ecd18c0-5650-11ec-b91f-9b8f6031fded,f3e85cce-3e17-11ec-af04-0cc96973a2b9,,2021-12-06 04:51:32.429,,e70ad5c2,,host,
63,bd9332a4-51e3-11ec-a00b-2b3e3cd42728,26a04a38-4367-11ec-af61-e464f5f6361c,,2021-11-30 13:45:12.164,,2426f922,,host,
64,3a5ef404-4efa-11ec-8a0e-5d8fd8c32e5f,ee248f30-4bd5-11ec-9b73-dd21c2b4b8f3,left,2021-11-26 21:30:16.500,,b916f67c,,guest,2021-11-26 23:07:36.869
65,3a5ef404-4efa-11ec-8a0e-5d8fd8c32e5f,5e64bb62-4be0-11ec-aad5-eccb9bc4f187,left,2021-11-26 20:49:55.453,,088af870,,guest,2021-11-26 22:27:33.050
66,3a5ef404-4efa-11ec-8a0e-5d8fd8c32e5f,2a62ccd0-4be7-11ec-927f-6becf3f7aa96,left,2021-11-26 20:48:36.978,,dfac286d,SortedSet([UUID('5e64bb62-4be0-11ec-aad5-eccb9bc4f187')]),host,2021-11-26 20:48:55.638
67,cd808fc4-4c46-11ec-b98d-1568ea348265,fcd85ac4-354c-11ec-8a67-a069389d8a76,left,2021-11-23 10:19:12.086,,d9548708,,host,2021-11-23 10:21:14.427
68,f9cc6b64-4ca7-11ec-b08c-d9b0876e237b,7e1a8aca-4bdd-11ec-91be-37ccbb55fab5,left,2021-11-23 21:54:47.589,,4cc16780,,host,2021-11-26 19:23:40.696
69,668ae66e-4365-11ec-80e3-9f5eea3d0475,e340d9c6-4364-11ec-a444-e734332dc01d,left,2021-11-12 03:05:33.284,,530b6fe7,,host,2021-11-12 03:05:40.543
70,45d1e96e-407b-11ec-ba64-0ed1735cda86,fcd85ac4-354c-11ec-8a67-a069389d8a76,left,2021-11-08 10:04:33.825,,8d4c25ab,,host,2021-11-09 10:40:45.233
71,b0f2e0d8-357a-11ec-b873-eedd329acacc,4b96e0f6-323f-11ec-b1ea-94bbbdaee87f,left,2021-10-25 10:02:41.266,,38c11238,"SortedSet([UUID('3d918522-3313-11ec-8329-feef32fc5b19'), UUID('98c86e0a-324c-11ec-a204-9da21b625b1f')])",host,2021-10-25 10:04:05.041
72,0ca136a6-32eb-11ec-9992-5adc50ad8e5b,eff78ff4-324b-11ec-8a7a-9284af838714,,2021-10-22 03:49:25.231,,ac94f0b8,,host,
73,c3c48eec-3e8e-11ec-b162-669934ce5a0c,3a696060-3e8d-11ec-baff-f27d46aee000,left,2021-11-05 23:19:03.241,,4f1c44e1,SortedSet([UUID('086c0164-3e09-11ec-af1c-166bc3c05ee1')]),host,2021-11-05 23:19:07.708
74,c3c48eec-3e8e-11ec-b162-669934ce5a0c,774f3b62-3e97-11ec-a752-999697ce82c9,left,2021-11-06 00:49:18.546,,60c38a2c,,guest,2021-11-08 14:38:38.557
75,3dc4a566-4ef1-11ec-8f75-379fc1431c85,ee248f30-4bd5-11ec-9b73-dd21c2b4b8f3,left,2021-11-26 19:44:17.206,,ee4ff2f8,SortedSet([UUID('2a62ccd0-4be7-11ec-927f-6becf3f7aa96')]),host,2021-11-26 19:44:30.134
76,3dc4a566-4ef1-11ec-8f75-379fc1431c85,2a62ccd0-4be7-11ec-927f-6becf3f7aa96,left,2021-11-26 19:44:49.634,,05928a34,,guest,2021-11-26 19:45:44.921
77,289566dc-4049-11ec-ad47-a273009342b9,0b940da4-3fa4-11ec-ae44-e418f1ed08b7,left,2021-11-08 04:05:49.935,,4bf8a98a,,host,2021-11-08 04:05:52.886
78,0b58e250-3e1a-11ec-b5c8-9ecc81379b17,86cf42e0-3e19-11ec-8ca4-e0c4d5ea46e8,left,2021-11-05 09:23:32.213,,d3f92eaf,,host,2021-11-05 09:23:47.651
79,fba65052-4041-11ec-ad47-a273009342b9,eff78ff4-324b-11ec-8a7a-9284af838714,left,2021-11-08 08:39:18.011,,4774ae59,,guest,2021-11-08 08:39:22.044
80,fba65052-4041-11ec-ad47-a273009342b9,07bb7218-3e1d-11ec-807f-e967a48dff68,left,2021-11-08 03:14:28.071,,62a469fa,"SortedSet([UUID('eff78ff4-324b-11ec-8a7a-9284af838714'), UUID('f5e3ff62-404a-11ec-9d8e-ae78fe1d0ad6'), UUID('fcd85ac4-354c-11ec-8a67-a069389d8a76')])",host,2021-11-08 08:25:38.235
81,fba65052-4041-11ec-ad47-a273009342b9,69881ffa-3e22-11ec-a810-ddc3ee85e7df,,2021-11-08 04:19:20.991,,3c0d598f,,guest,
82,cf5a626a-3257-11ec-9922-5adc50ad8e5b,4b96e0f6-323f-11ec-b1ea-94bbbdaee87f,left,2021-10-21 10:15:26.403,,ad203030,,host,2021-10-21 10:16:44.528
83,5e088818-3e2c-11ec-9f5d-269185fd6da4,320a7c5e-3e21-11ec-8ac5-2ba34ecb720d,left,2021-11-05 11:34:41.879,,21a55724,,host,2021-11-05 11:34:56.203
84,c17e70a4-4eff-11ec-a98e-14b574ec9b31,a2380034-4be4-11ec-8a8a-f97b5077e4e7,,2021-11-26 21:28:11.163,,5e49ddc7,,host,
85,d4e10a08-4045-11ec-944d-a273009342b9,d1677ee0-323d-11ec-bd52-c72d60dcf1c1,,2021-11-08 08:53:42.456,,e01054c8,,guest,
86,d4e10a08-4045-11ec-944d-a273009342b9,fcd85ac4-354c-11ec-8a67-a069389d8a76,left,2021-11-08 03:42:01.012,,45d677c1,"SortedSet([UUID('0b940da4-3fa4-11ec-ae44-e418f1ed08b7'), UUID('d1677ee0-323d-11ec-bd52-c72d60dcf1c1')])",host,2021-11-08 08:53:01.737
87,097bb6a0-4ca8-11ec-b290-a589d994aabd,ee248f30-4bd5-11ec-9b73-dd21c2b4b8f3,left,2021-11-23 21:55:13.903,,d7393541,SortedSet([UUID('5e64bb62-4be0-11ec-aad5-eccb9bc4f187')]),host,2021-11-23 21:56:22.325
88,097bb6a0-4ca8-11ec-b290-a589d994aabd,5e64bb62-4be0-11ec-aad5-eccb9bc4f187,left,2021-11-23 21:56:29.154,,2d42a9ad,,guest,2021-11-23 22:49:18.518
89,097bb6a0-4ca8-11ec-b290-a589d994aabd,2a62ccd0-4be7-11ec-927f-6becf3f7aa96,left,2021-11-23 22:03:14.329,,d05e5b24,,guest,2021-11-23 22:49:19.897
90,0288e340-4046-11ec-ba64-0ed1735cda86,fcd85ac4-354c-11ec-8a67-a069389d8a76,left,2021-11-08 03:43:17.609,,a4c8b126,,host,2021-11-08 03:53:24.730
91,93215d72-411a-11ec-be45-569848461695,a3fcb9c8-3e1f-11ec-a777-75b999be7f89,left,2021-11-09 07:37:47.716,,cb8ce2ca,,guest,2021-11-09 07:44:15.731
92,9ba2805e-3709-11ec-9671-eedd329acacc,4b96e0f6-323f-11ec-b1ea-94bbbdaee87f,left,2021-10-27 10:07:46.523,,164e5ff7,,guest,2021-10-27 10:09:04.447
93,b616aa16-438c-11ec-b990-5cda53ccaabd,69881ffa-3e22-11ec-a810-ddc3ee85e7df,left,2021-11-12 07:46:57.115,,f03976e0,,host,2021-11-12 08:29:05.350
94,db242570-533d-11ec-bcb2-c1ed7cc637c7,0a797542-4055-11ec-b470-35f604c8d212,left,2021-12-03 02:57:32.690,,fef97d9a,,guest,2021-12-03 02:58:14.529
95,db242570-533d-11ec-bcb2-c1ed7cc637c7,4207fabe-4191-11ec-a39e-becb1c27bf8c,left,2021-12-02 07:02:47.641,,b24f5140,,host,2021-12-03 02:57:40.196
96,b87294e2-407a-11ec-aa51-0ed1735cda86,0b940da4-3fa4-11ec-ae44-e418f1ed08b7,left,2021-11-08 10:00:36.642,,22935d79,SortedSet([UUID('3d918522-3313-11ec-8329-feef32fc5b19')]),host,2021-11-08 14:09:25.858
97,c0977a00-4121-11ec-9e7e-86c6b767b2c5,774f3b62-3e97-11ec-a752-999697ce82c9,left,2021-11-09 05:56:16.256,,a73a8c16,,host,2021-11-09 06:00:05.389
98,c0977a00-4121-11ec-9e7e-86c6b767b2c5,30f4fe9e-4122-11ec-acc7-ef8de78e03cc,left,2021-11-09 05:59:26.377,,286dc008,,guest,2021-11-09 12:40:53.969
99,7097e24e-4d90-11ec-862a-503eb6572462,ee248f30-4bd5-11ec-9b73-dd21c2b4b8f3,left,2021-11-25 01:38:50.133,,a17e3df5,"SortedSet([UUID('2a62ccd0-4be7-11ec-927f-6becf3f7aa96'), UUID('5e64bb62-4be0-11ec-aad5-eccb9bc4f187')])",host,2021-11-25 01:38:57.962
100,7097e24e-4d90-11ec-862a-503eb6572462,5e64bb62-4be0-11ec-aad5-eccb9bc4f187,left,2021-11-25 01:41:42.423,,a768c73e,,guest,2021-11-25 02:00:44.420
101,7097e24e-4d90-11ec-862a-503eb6572462,2a62ccd0-4be7-11ec-927f-6becf3f7aa96,left,2021-11-25 01:39:00.815,,3eeaabec,,guest,2021-11-25 02:01:40.920
102,096744ce-439b-11ec-9c3d-5e10ae073e26,0b940da4-3fa4-11ec-ae44-e418f1ed08b7,left,2021-11-12 09:29:29.848,,a7f84094,,host,2021-11-12 09:29:32.686
103,9551b2a8-437d-11ec-92ea-9410364e490a,86cf42e0-3e19-11ec-8ca4-e0c4d5ea46e8,left,2021-11-12 05:58:39.685,,f658374c,,host,2021-11-12 05:58:47.051
104,81f13664-3709-11ec-b873-eedd329acacc,4b96e0f6-323f-11ec-b1ea-94bbbdaee87f,left,2021-10-27 10:12:30.242,,eb690b46,,guest,2021-10-27 10:12:48.879
105,a03b01e0-356f-11ec-8f3d-ca1d8b11d726,4b96e0f6-323f-11ec-b1ea-94bbbdaee87f,left,2021-10-25 08:43:28.757,,4a08df95,SortedSet([UUID('1511e6ea-3238-11ec-baed-db9564ba7148')]),host,2021-10-25 08:45:16.763
106,8006e5da-5340-11ec-a7ae-8306d3cb8a68,fcd85ac4-354c-11ec-8a67-a069389d8a76,left,2021-12-02 07:21:43.264,,30723bcf,,host,2021-12-02 07:21:52.137
107,104928f4-51db-11ec-99fe-45bb16661bcf,07bb7218-3e1d-11ec-807f-e967a48dff68,left,2021-11-30 12:43:05.459,,78364f45,,host,2021-11-30 12:52:04.654
108,305ed78e-3312-11ec-bed2-9a010fca4d91,4b96e0f6-323f-11ec-b1ea-94bbbdaee87f,left,2021-10-22 08:29:35.571,,099c9ab6,,host,2021-10-22 08:54:43.845
109,305ed78e-3312-11ec-bed2-9a010fca4d91,a458b4c8-3288-11ec-a33c-e474f52b8cb5,,2021-10-22 08:36:17.502,,040b7d9f,,guest,
110,305ed78e-3312-11ec-bed2-9a010fca4d91,0acdc93c-3289-11ec-8288-37b3a133648b,,2021-10-22 08:31:05.637,,62a8e693,,guest,
111,305ed78e-3312-11ec-bed2-9a010fca4d91,ade92c2c-3312-11ec-a32c-45e028c81697,,2021-10-22 08:33:08.416,,2458713e,,guest,
112,6335ecdc-4c9a-11ec-8668-b349c3a61191,26b303f2-4bd3-11ec-87c1-e517be6df39b,left,2021-11-23 20:17:31.482,,3bda0fe2,,host,2021-11-23 20:45:47.205
113,bbe614ae-331a-11ec-b92a-9a010fca4d91,3d918522-3313-11ec-8329-feef32fc5b19,left,2021-10-22 09:30:45.626,,c004ff94,,host,2021-11-05 02:56:50.960
114,057ba6f0-51d0-11ec-bd49-be416988cc2b,e340d9c6-4364-11ec-a444-e734332dc01d,left,2021-11-30 11:25:33.358,,a1b44a35,,guest,2021-11-30 11:30:22.768
115,057ba6f0-51d0-11ec-bd49-be416988cc2b,26a04a38-4367-11ec-af61-e464f5f6361c,left,2021-11-30 11:24:02.877,,0e1d0300,SortedSet([UUID('e340d9c6-4364-11ec-a444-e734332dc01d')]),host,2021-11-30 11:24:22.269
116,c777b61a-5651-11ec-ab98-fe61e7c4e64e,26a04a38-4367-11ec-af61-e464f5f6361c,,2021-12-06 05:02:58.054,,4d0f9572,,host,
117,55263082-4f30-11ec-8f64-a706bf30af1e,7e1a8aca-4bdd-11ec-91be-37ccbb55fab5,left,2021-11-27 03:15:54.730,,15dbbaa7,,host,2021-11-27 03:16:48.271
118,ab5cd1b0-3566-11ec-b873-eedd329acacc,fcd85ac4-354c-11ec-8a67-a069389d8a76,left,2021-10-25 07:39:21.964,,0f7b7d35,"SortedSet([UUID('3d918522-3313-11ec-8329-feef32fc5b19'), UUID('4b96e0f6-323f-11ec-b1ea-94bbbdaee87f')])",host,2021-10-25 07:39:56.068
119,a7c5d30a-4cb6-11ec-a3d8-d8db896962ac,a2380034-4be4-11ec-8a8a-f97b5077e4e7,left,2021-11-23 23:39:52.423,,e5a9e216,,host,2021-11-23 23:39:55.403
120,60eb4896-43a3-11ec-96f3-f9784efccae9,2350f594-3287-11ec-9bc4-d0dbea1a278a,left,2021-11-12 10:44:08.117,,d95eb461,,guest,2021-11-12 10:51:08.346
121,60eb4896-43a3-11ec-96f3-f9784efccae9,3d918522-3313-11ec-8329-feef32fc5b19,left,2021-11-12 10:29:12.647,,d52753dc,"SortedSet([UUID('2350f594-3287-11ec-9bc4-d0dbea1a278a'), UUID('26a04a38-4367-11ec-af61-e464f5f6361c'), UUID('69881ffa-3e22-11ec-a810-ddc3ee85e7df')])",host,2021-11-12 10:29:17.958
122,60eb4896-43a3-11ec-96f3-f9784efccae9,69881ffa-3e22-11ec-a810-ddc3ee85e7df,left,2021-11-12 10:37:13.999,,384798cd,,guest,2021-11-12 10:51:15.770
123,60eb4896-43a3-11ec-96f3-f9784efccae9,26a04a38-4367-11ec-af61-e464f5f6361c,left,2021-11-12 10:49:24.232,,a6663100,,guest,2021-11-15 17:03:35.764
124,7805bad2-328e-11ec-bed2-9a010fca4d91,4b96e0f6-323f-11ec-b1ea-94bbbdaee87f,left,2021-10-21 16:46:42.207,,e67ae6a8,,host,2021-10-21 16:46:53.851
125,38e19abc-4ef2-11ec-906b-df9559011e5d,ee248f30-4bd5-11ec-9b73-dd21c2b4b8f3,left,2021-11-26 19:51:18.504,,8ccc1397,,host,2021-11-27 18:32:29.864
126,036cbae4-4211-11ec-869b-f9287ca91167,086c0164-3e09-11ec-af1c-166bc3c05ee1,left,2021-11-10 10:28:58.104,,8d08e1b9,,host,2021-11-30 08:08:37.968
127,3865ec62-3fa4-11ec-aa51-0ed1735cda86,0b940da4-3fa4-11ec-ae44-e418f1ed08b7,left,2021-11-07 08:25:09.508,,4d5c9e90,,host,2021-11-07 08:25:13.830
128,245f8a20-51ce-11ec-8f2c-0b7299b17238,e340d9c6-4364-11ec-a444-e734332dc01d,left,2021-11-30 11:10:35.703,,808f3590,SortedSet([UUID('26a04a38-4367-11ec-af61-e464f5f6361c')]),host,2021-11-30 11:10:39.335
129,245f8a20-51ce-11ec-8f2c-0b7299b17238,26a04a38-4367-11ec-af61-e464f5f6361c,left,2021-11-30 11:11:19.473,,168d94c5,,guest,2021-11-30 11:11:25.485
130,e50cec8a-53eb-11ec-a684-6e2a16d85f82,07bb7218-3e1d-11ec-807f-e967a48dff68,,2021-12-03 03:48:36.696,,4d1a05e3,,host,
131,7cbf43ca-4d61-11ec-8410-9033d619910c,ee248f30-4bd5-11ec-9b73-dd21c2b4b8f3,left,2021-11-24 20:02:44.177,,f636a63c,SortedSet([UUID('5e64bb62-4be0-11ec-aad5-eccb9bc4f187')]),host,2021-11-24 20:03:01.626
132,7cbf43ca-4d61-11ec-8410-9033d619910c,5e64bb62-4be0-11ec-aad5-eccb9bc4f187,left,2021-11-24 20:04:00.186,,9a75eb23,,guest,2021-11-24 20:19:58.205
133,c721d5d8-4049-11ec-ad47-a273009342b9,086c0164-3e09-11ec-af1c-166bc3c05ee1,left,2021-11-08 04:10:15.935,,33787052,"SortedSet([UUID('69881ffa-3e22-11ec-a810-ddc3ee85e7df'), UUID('774f3b62-3e97-11ec-a752-999697ce82c9')])",host,2021-11-08 04:10:18.267
134,c721d5d8-4049-11ec-ad47-a273009342b9,69881ffa-3e22-11ec-a810-ddc3ee85e7df,left,2021-11-09 10:29:54.418,,910847d9,,guest,2021-11-09 10:30:03.257
135,c721d5d8-4049-11ec-ad47-a273009342b9,774f3b62-3e97-11ec-a752-999697ce82c9,left,2021-11-08 14:39:19.766,,96450b9b,,guest,2021-11-09 05:59:55.959
136,77d0c388-4beb-11ec-aa0e-651001dfa70e,ee248f30-4bd5-11ec-9b73-dd21c2b4b8f3,left,2021-11-22 23:42:29.177,,1751cb48,,guest,2021-11-22 23:46:07.183
137,77d0c388-4beb-11ec-aa0e-651001dfa70e,5e64bb62-4be0-11ec-aad5-eccb9bc4f187,left,2021-11-22 23:25:24.126,,7fa6c2d9,"SortedSet([UUID('2a62ccd0-4be7-11ec-927f-6becf3f7aa96'), UUID('a2380034-4be4-11ec-8a8a-f97b5077e4e7'), UUID('ee248f30-4bd5-11ec-9b73-dd21c2b4b8f3')])",host,2021-11-22 23:25:33.523
138,77d0c388-4beb-11ec-aa0e-651001dfa70e,a2380034-4be4-11ec-8a8a-f97b5077e4e7,left,2021-11-22 23:26:00.769,,934b8119,,guest,2021-11-22 23:46:09.038
139,77d0c388-4beb-11ec-aa0e-651001dfa70e,2a62ccd0-4be7-11ec-927f-6becf3f7aa96,left,2021-11-22 23:26:35.314,,44fcd3ff,,guest,2021-11-22 23:46:06.110
140,6f61deb0-4c42-11ec-adb1-0c74c87b29b2,4b96e0f6-323f-11ec-b1ea-94bbbdaee87f,left,2021-11-23 09:50:20.768,,24d38ed4,,guest,2021-11-23 10:08:38.208
141,6f61deb0-4c42-11ec-adb1-0c74c87b29b2,fcd85ac4-354c-11ec-8a67-a069389d8a76,left,2021-11-23 09:47:56.194,,ceb1a37d,SortedSet([UUID('4b96e0f6-323f-11ec-b1ea-94bbbdaee87f')]),host,2021-11-23 09:49:33.455
142,36b1c180-3bc0-11ec-bcd5-7ad4ba4e9e08,4b96e0f6-323f-11ec-b1ea-94bbbdaee87f,left,2021-11-02 09:43:35.374,,e340d874,,guest,2021-11-08 04:06:23.193
143,36b1c180-3bc0-11ec-bcd5-7ad4ba4e9e08,0acdc93c-3289-11ec-8288-37b3a133648b,left,2021-11-02 09:35:27.906,,a735a0ce,"SortedSet([UUID('4b96e0f6-323f-11ec-b1ea-94bbbdaee87f'), UUID('df44d206-330f-11ec-b222-6fc08f95f7ab')])",host,2021-11-02 09:35:31.037
144,04efc9b2-324c-11ec-bed2-9a010fca4d91,4b96e0f6-323f-11ec-b1ea-94bbbdaee87f,left,2021-10-21 09:22:08.409,,cfa51bfe,,guest,2021-10-21 09:58:58.395
145,04efc9b2-324c-11ec-bed2-9a010fca4d91,eff78ff4-324b-11ec-8a7a-9284af838714,left,2021-10-21 08:51:02.340,,49fb2529,"SortedSet([UUID('1511e6ea-3238-11ec-baed-db9564ba7148'), UUID('4b96e0f6-323f-11ec-b1ea-94bbbdaee87f'), UUID('98c86e0a-324c-11ec-a204-9da21b625b1f')])",host,2021-10-21 08:52:54.770
146,2cedca34-328f-11ec-9922-5adc50ad8e5b,4b96e0f6-323f-11ec-b1ea-94bbbdaee87f,left,2021-10-21 16:51:45.717,,0270dca9,,host,2021-11-10 02:57:05.568
147,a4279bce-405f-11ec-ba64-0ed1735cda86,0b940da4-3fa4-11ec-ae44-e418f1ed08b7,left,2021-11-08 06:46:46.186,,6ff0771a,,host,2021-11-08 06:46:51.821
148,fa7dd778-3311-11ec-bed2-9a010fca4d91,2350f594-3287-11ec-9bc4-d0dbea1a278a,,2021-10-22 08:28:05.172,,268f9d38,SortedSet([UUID('0acdc93c-3289-11ec-8288-37b3a133648b')]),host,
149,fa7dd778-3311-11ec-bed2-9a010fca4d91,0acdc93c-3289-11ec-8288-37b3a133648b,,2021-10-22 08:30:15.275,,7e303a26,,guest,
150,f471d802-4c93-11ec-b01f-0397e926cf59,ee248f30-4bd5-11ec-9b73-dd21c2b4b8f3,left,2021-11-23 19:31:28.669,,d3b891ff,,host,2021-11-23 19:32:05.125
151,f471d802-4c93-11ec-b01f-0397e926cf59,5e64bb62-4be0-11ec-aad5-eccb9bc4f187,left,2021-11-23 19:32:01.935,,796f7648,,guest,2021-11-23 20:31:12.343
152,f0d2bcac-4400-11ec-afed-b10ca62be683,73e6789c-41ca-11ec-a8b6-a4c0148ad650,left,2021-11-12 21:38:57.274,,244e7cda,,host,2021-11-12 21:40:01.109
153,ae0369e8-570c-11ec-bd7e-22e011e62b02,0b940da4-3fa4-11ec-ae44-e418f1ed08b7,left,2021-12-07 03:20:51.241,,57970148,,host,2021-12-07 03:21:55.228
154,0357264c-51bc-11ec-89e4-5d71c3a5b20b,e340d9c6-4364-11ec-a444-e734332dc01d,left,2021-11-30 09:00:49.345,,463f851b,SortedSet([UUID('26a04a38-4367-11ec-af61-e464f5f6361c')]),host,2021-11-30 09:02:08.341
155,0357264c-51bc-11ec-89e4-5d71c3a5b20b,26a04a38-4367-11ec-af61-e464f5f6361c,left,2021-11-30 09:02:34.792,,ba1603d6,,guest,2021-11-30 09:03:53.411
156,e50b05ec-429c-11ec-b7f9-7357b72c3520,07bb7218-3e1d-11ec-807f-e967a48dff68,left,2021-11-11 03:10:16.673,,dc646ab7,,host,2021-11-11 03:10:21.126
157,47493390-4d6b-11ec-8f36-4f06e38008f1,5e64bb62-4be0-11ec-aad5-eccb9bc4f187,left,2021-11-24 21:12:49.451,,f7149dab,SortedSet([UUID('2a62ccd0-4be7-11ec-927f-6becf3f7aa96')]),host,2021-11-24 21:12:52.720
158,47493390-4d6b-11ec-8f36-4f06e38008f1,a2380034-4be4-11ec-8a8a-f97b5077e4e7,left,2021-11-25 00:07:48.924,,8ccffe59,,guest,2021-11-25 00:28:41.162
159,47493390-4d6b-11ec-8f36-4f06e38008f1,2a62ccd0-4be7-11ec-927f-6becf3f7aa96,left,2021-11-24 21:13:26.116,,80404751,,guest,2021-11-25 00:43:41.343
160,1b9b48c2-4d7b-11ec-b551-0a11b5c588a0,efcf0f12-4bef-11ec-9846-6562e6fb1b2a,left,2021-11-24 23:06:08.117,,f5f8a5fc,,host,2021-11-24 23:06:18.461
161,bc830dc8-4629-11ec-be2e-97d5eb33876e,1f72bb52-4627-11ec-9b1b-66de6f72b2fe,left,2021-11-15 15:36:01.199,,4169144c,,host,2021-11-15 15:36:31.212
162,bda73e22-4084-11ec-80c3-669934ce5a0c,3d918522-3313-11ec-8329-feef32fc5b19,left,2021-11-08 11:12:20.340,,a0141257,SortedSet([UUID('0b940da4-3fa4-11ec-ae44-e418f1ed08b7')]),host,2021-11-08 11:12:23.669
163,ae549eb2-328b-11ec-9992-5adc50ad8e5b,4b96e0f6-323f-11ec-b1ea-94bbbdaee87f,,2021-10-22 03:38:13.869,,9d079fec,,guest,
164,ae549eb2-328b-11ec-9992-5adc50ad8e5b,eff78ff4-324b-11ec-8a7a-9284af838714,,2021-10-21 16:26:44.830,,b21b3f79,"SortedSet([UUID('4b96e0f6-323f-11ec-b1ea-94bbbdaee87f'), UUID('98c86e0a-324c-11ec-a204-9da21b625b1f')])",host,
165,bd82bd6c-3707-11ec-8f3d-ca1d8b11d726,4b96e0f6-323f-11ec-b1ea-94bbbdaee87f,left,2021-10-27 10:34:37.517,,e14c59d5,,guest,2021-10-27 10:34:43.003
166,86744956-4bfe-11ec-b1af-7bee62e50422,5e64bb62-4be0-11ec-aad5-eccb9bc4f187,left,2021-11-23 01:42:23.504,,63ca120d,,guest,2021-11-23 03:08:09.787
167,86744956-4bfe-11ec-b1af-7bee62e50422,2a62ccd0-4be7-11ec-927f-6becf3f7aa96,left,2021-11-23 01:41:49.123,,e30d688f,,host,2021-11-23 01:43:01.643
168,d3525566-4ca7-11ec-89fa-5e6a5687d150,7e1a8aca-4bdd-11ec-91be-37ccbb55fab5,left,2021-11-23 21:53:43.033,,8a1e7adf,,host,2021-11-23 21:54:05.097
169,ea69d2a4-4bdc-11ec-901c-11f65dbdc374,ee248f30-4bd5-11ec-9b73-dd21c2b4b8f3,left,2021-11-22 21:41:13.941,,7d72d200,,host,2021-11-22 21:45:34.128
170,f1aa45f8-3e1c-11ec-af06-26857fb5220e,fcd85ac4-354c-11ec-8a67-a069389d8a76,left,2021-11-05 09:44:17.616,,3211a58d,,host,2021-11-05 17:00:34.259
171,3d965cf4-4eee-11ec-9581-b35d7385ea3c,ee248f30-4bd5-11ec-9b73-dd21c2b4b8f3,left,2021-11-26 19:22:48.416,,efe2c06f,,host,2021-11-26 19:22:52.006
172,b744c9d4-4299-11ec-bcc8-aa0b0f00b83c,f3e85cce-3e17-11ec-af04-0cc96973a2b9,left,2021-11-11 02:47:31.386,,54c51398,,host,2021-11-11 02:47:34.598
173,7e5a2a98-4bdf-11ec-a6e4-bf0b0a127c6a,26b303f2-4bd3-11ec-87c1-e517be6df39b,left,2021-11-22 21:59:41.132,,ef5a3d81,,host,2021-11-22 22:39:51.834
174,3add1bd4-32cd-11ec-9992-5adc50ad8e5b,4b96e0f6-323f-11ec-b1ea-94bbbdaee87f,left,2021-10-22 09:02:47.903,,27546f25,,guest,2021-10-22 14:05:17.082
175,3add1bd4-32cd-11ec-9992-5adc50ad8e5b,3d918522-3313-11ec-8329-feef32fc5b19,left,2021-10-22 09:02:01.246,,d2309ef1,,guest,2021-10-22 09:51:54.080
176,3add1bd4-32cd-11ec-9992-5adc50ad8e5b,fcd85ac4-354c-11ec-8a67-a069389d8a76,left,2021-10-25 07:36:04.665,,c870b3b9,,guest,2021-10-25 07:36:08.468
177,2a408202-51db-11ec-9b00-f97ae858c175,07bb7218-3e1d-11ec-807f-e967a48dff68,left,2021-11-30 12:43:49.027,,4badc452,SortedSet([UUID('87cc8630-51ba-11ec-8401-8a1eed32e025')]),host,2021-11-30 12:44:07.655
178,2a408202-51db-11ec-9b00-f97ae858c175,87cc8630-51ba-11ec-8401-8a1eed32e025,left,2021-11-30 12:47:54.075,,4aa1e3cf,,guest,2021-11-30 12:48:32.831
179,d0aaf628-51cb-11ec-871a-52c630d4dc6c,87cc8630-51ba-11ec-8401-8a1eed32e025,left,2021-11-30 10:53:56.276,,23b8b6a4,,host,2021-11-30 10:54:50.941
180,79d1bf40-3258-11ec-b92a-9a010fca4d91,4b96e0f6-323f-11ec-b1ea-94bbbdaee87f,left,2021-10-21 10:20:12.397,,9ab51b02,,host,2021-10-21 10:20:14.487
181,cca069ce-56e8-11ec-bd5e-1f4bef1e0b3a,4207fabe-4191-11ec-a39e-becb1c27bf8c,left,2021-12-06 23:04:54.320,,324db5b9,,guest,2021-12-06 23:07:01.867
182,cca069ce-56e8-11ec-bd5e-1f4bef1e0b3a,73e6789c-41ca-11ec-a8b6-a4c0148ad650,left,2021-12-06 23:04:00.721,,9ed261bc,,host,2021-12-06 23:05:01.490
183,897ae152-4f30-11ec-a0b4-e1eb61dc6fa6,7e1a8aca-4bdd-11ec-91be-37ccbb55fab5,joining,2021-11-27 03:17:22.524,,5b153dff,,host,2021-11-27 03:17:27.845
184,c78df954-53e8-11ec-bcc2-b340151e4f8c,f3e85cce-3e17-11ec-af04-0cc96973a2b9,,2021-12-03 03:26:18.717,,a0ae15c1,,host,
185,73209b2a-3709-11ec-b19b-1a6c70deb5be,4b96e0f6-323f-11ec-b1ea-94bbbdaee87f,left,2021-10-27 10:17:46.133,,900d01ba,,guest,2021-10-27 10:18:48.947
186,741a2806-4042-11ec-ad47-a273009342b9,4b96e0f6-323f-11ec-b1ea-94bbbdaee87f,left,2021-11-08 03:21:40.400,,59060c6c,,guest,2021-11-08 03:22:16.661
187,741a2806-4042-11ec-ad47-a273009342b9,07bb7218-3e1d-11ec-807f-e967a48dff68,left,2021-11-08 03:17:50.160,,a7b0aa03,"SortedSet([UUID('3d918522-3313-11ec-8329-feef32fc5b19'), UUID('4b96e0f6-323f-11ec-b1ea-94bbbdaee87f'), UUID('fcd85ac4-354c-11ec-8a67-a069389d8a76')])",host,2021-11-08 03:20:00.446
188,4c094100-3e01-11ec-b064-161a2eba6df8,fcd85ac4-354c-11ec-8a67-a069389d8a76,left,2021-11-05 06:26:23.328,,37f3be0f,,host,2021-11-10 04:44:09.366
189,9092abbe-412f-11ec-aa24-97cd6a1ed9d3,320a7c5e-3e21-11ec-8ac5-2ba34ecb720d,left,2021-11-09 07:35:08.648,,5704fbac,,host,2021-11-09 07:35:11.871
190,456838f4-4367-11ec-aec7-8a5c9ec21ff5,e340d9c6-4364-11ec-a444-e734332dc01d,left,2021-11-12 03:19:25.994,,43d55944,,guest,2021-11-12 03:20:13.301
191,456838f4-4367-11ec-aec7-8a5c9ec21ff5,26a04a38-4367-11ec-af61-e464f5f6361c,left,2021-11-12 03:18:56.683,,ddf5020c,,host,2021-11-12 03:19:29.205
192,6cb3a612-51e7-11ec-8ea2-830400a6af0c,26a04a38-4367-11ec-af61-e464f5f6361c,left,2021-11-30 14:11:34.470,,29ce39ef,,host,2021-11-30 14:11:47.511
193,dc8a7a24-3252-11ec-84c9-5adc50ad8e5b,4b96e0f6-323f-11ec-b1ea-94bbbdaee87f,left,2021-10-21 09:40:01.049,,9e41ed48,,host,2021-11-11 09:20:14.419
194,421ed8c8-4c46-11ec-b901-128f23b1955f,fcd85ac4-354c-11ec-8a67-a069389d8a76,,2021-11-23 10:15:18.243,,b4a835da,,host,
195,16f29e7b-323e-11ec-9742-4ccc6afa8976,d1677ee0-323d-11ec-bd52-c72d60dcf1c1,,2021-10-21 07:11:20.383,,20f11732,,host,
196,7980b774-415a-11ec-975f-7e5a0e4c4ef7,086c0164-3e09-11ec-af1c-166bc3c05ee1,left,2021-11-09 12:43:39.393,,01797ef9,,guest,2021-11-10 04:50:01.597
197,7980b774-415a-11ec-975f-7e5a0e4c4ef7,69881ffa-3e22-11ec-a810-ddc3ee85e7df,left,2021-11-09 12:42:18.305,,14a0bc7a,"SortedSet([UUID('0a797542-4055-11ec-b470-35f604c8d212'), UUID('4207fabe-4191-11ec-a39e-becb1c27bf8c'), UUID('73e6789c-41ca-11ec-a8b6-a4c0148ad650')])",host,2021-11-09 12:48:27.929
198,7980b774-415a-11ec-975f-7e5a0e4c4ef7,0a797542-4055-11ec-b470-35f604c8d212,left,2021-11-09 13:39:35.460,,e0e7c12f,,guest,2021-11-12 06:59:05.318
199,7980b774-415a-11ec-975f-7e5a0e4c4ef7,4207fabe-4191-11ec-a39e-becb1c27bf8c,left,2021-11-10 02:11:02.325,,19cbc8b8,,guest,2021-11-11 01:40:13.921
200,7980b774-415a-11ec-975f-7e5a0e4c4ef7,73e6789c-41ca-11ec-a8b6-a4c0148ad650,left,2021-11-10 02:03:53.905,,f1a6edbb,,guest,2021-11-11 18:36:19.723
201,b3790e7c-51c7-11ec-9cbc-1fc8668928d6,e340d9c6-4364-11ec-a444-e734332dc01d,left,2021-11-30 10:24:29.308,,05b7487d,SortedSet([UUID('26a04a38-4367-11ec-af61-e464f5f6361c')]),host,2021-11-30 10:24:40.413
202,b3790e7c-51c7-11ec-9cbc-1fc8668928d6,26a04a38-4367-11ec-af61-e464f5f6361c,left,2021-11-30 11:07:21.094,,1accf1f3,,guest,2021-11-30 11:09:56.955
203,e69bf414-4631-11ec-afe2-982ce8787917,1f72bb52-4627-11ec-9b1b-66de6f72b2fe,left,2021-11-15 16:34:27.801,,22cd7768,,host,2021-11-15 16:34:30.818
204,8b44ff64-3314-11ec-9922-5adc50ad8e5b,3d918522-3313-11ec-8329-feef32fc5b19,left,2021-10-22 08:46:27.060,,4a94b462,,host,2021-10-22 08:49:50.679
205,a64f4bda-328c-11ec-9992-5adc50ad8e5b,4b96e0f6-323f-11ec-b1ea-94bbbdaee87f,left,2021-10-21 16:33:40.872,,62a39e80,,host,2021-10-21 16:45:54.418
206,e19b86cc-410f-11ec-b1fd-bc8d2dd74f92,07bb7218-3e1d-11ec-807f-e967a48dff68,left,2021-11-09 03:48:20.709,,dcb75c0e,SortedSet([UUID('f5e3ff62-404a-11ec-9d8e-ae78fe1d0ad6')]),host,2021-11-09 03:48:38.679
207,b4ea26ee-56e3-11ec-8642-221ac2eff0d9,73e6789c-41ca-11ec-a8b6-a4c0148ad650,left,2021-12-06 22:27:33.455,,6ec669fa,,host,2021-12-06 22:31:50.909
208,79d5e5ca-5693-11ec-886e-5b9499ffb9e9,f3e85cce-3e17-11ec-af04-0cc96973a2b9,,2021-12-06 12:53:14.596,,f44608ff,,host,
209,1b015720-4e53-11ec-a533-e7d7df438b62,ee248f30-4bd5-11ec-9b73-dd21c2b4b8f3,left,2021-11-26 00:52:18.400,,43002ebb,,host,2021-11-26 00:52:20.363
210,293e7fc4-51d3-11ec-a4e4-763255860bc4,26a04a38-4367-11ec-af61-e464f5f6361c,left,2021-11-30 11:46:31.361,,d7a39e51,,host,2021-11-30 11:47:58.712
211,44bfcc6c-4e04-11ec-a1b2-6eb1fa53dc0a,ee248f30-4bd5-11ec-9b73-dd21c2b4b8f3,left,2021-11-25 15:27:58.195,,22b5dc22,SortedSet([UUID('5e64bb62-4be0-11ec-aad5-eccb9bc4f187')]),host,2021-11-25 15:36:30.199
212,44bfcc6c-4e04-11ec-a1b2-6eb1fa53dc0a,5e64bb62-4be0-11ec-aad5-eccb9bc4f187,left,2021-11-25 15:36:46.428,,1da3e279,,guest,2021-11-25 15:43:34.385
213,f7a9684e-4d8a-11ec-a54a-d0ff714ec2f2,5e64bb62-4be0-11ec-aad5-eccb9bc4f187,,2021-11-25 00:59:39.759,,15908080,,host,
214,e30942d4-3317-11ec-9992-5adc50ad8e5b,3d918522-3313-11ec-8329-feef32fc5b19,left,2021-10-22 09:10:22.798,,a9b65034,,host,2021-10-22 09:10:44.887
215,5faae50a-4d7f-11ec-8a52-04cc11bc1afe,efcf0f12-4bef-11ec-9846-6562e6fb1b2a,left,2021-11-24 23:36:40.290,,d56d47c3,,host,2021-11-24 23:39:59.589
216,e264abb8-4d82-11ec-b249-ee4a95ee2c09,2a62ccd0-4be7-11ec-927f-6becf3f7aa96,left,2021-11-25 00:01:48.101,,e32f70f1,,host,2021-11-25 23:08:57.013
217,4c7ba95e-4e44-11ec-a820-d5df69a54997,a2380034-4be4-11ec-8a8a-f97b5077e4e7,left,2021-11-25 23:06:18.963,,8f47d82d,,host,2021-11-25 23:06:33.022
218,b1bc6bde-3709-11ec-a244-eedd329acacc,4b96e0f6-323f-11ec-b1ea-94bbbdaee87f,left,2021-10-27 10:03:31.226,,cbfe0e11,,guest,2021-10-27 10:03:46.748
219,8e234a64-32ed-11ec-bed2-9a010fca4d91,4b96e0f6-323f-11ec-b1ea-94bbbdaee87f,left,2021-11-08 03:33:34.267,,28812bb5,,guest,2021-11-08 07:33:54.703
220,8e234a64-32ed-11ec-bed2-9a010fca4d91,eff78ff4-324b-11ec-8a7a-9284af838714,left,2021-10-22 04:07:21.498,,bff32432,"SortedSet([UUID('07bb7218-3e1d-11ec-807f-e967a48dff68'), UUID('0b940da4-3fa4-11ec-ae44-e418f1ed08b7'), UUID('1bcb4c62-3e57-11ec-b8bd-5ee16f365968'), UUID('3d918522-3313-11ec-8329-feef32fc5b19'), UUID('4b96e0f6-323f-11ec-b1ea-94bbbdaee87f'), UUID('69881ffa-3e22-11ec-a810-ddc3ee85e7df'), UUID('f5e3ff62-404a-11ec-9d8e-ae78fe1d0ad6'), UUID('fcd85ac4-354c-11ec-8a67-a069389d8a76')])",host,2021-11-08 03:25:35.789
221,8e234a64-32ed-11ec-bed2-9a010fca4d91,3d918522-3313-11ec-8329-feef32fc5b19,left,2021-11-08 03:32:41.685,,0eade751,,guest,2021-11-08 04:23:23.946
222,8e234a64-32ed-11ec-bed2-9a010fca4d91,07bb7218-3e1d-11ec-807f-e967a48dff68,left,2021-11-08 03:32:59.989,,35e70634,,guest,2021-11-08 03:57:46.414
223,8e234a64-32ed-11ec-bed2-9a010fca4d91,69881ffa-3e22-11ec-a810-ddc3ee85e7df,,2021-11-08 04:19:05.298,,cfa92c8d,,guest,
224,f7f1a584-50b2-11ec-8b0d-9aaa26438c47,ee248f30-4bd5-11ec-9b73-dd21c2b4b8f3,left,2021-11-29 01:23:33.592,,a2c3847e,,host,2021-11-29 01:23:35.257
225,c1234cdc-3709-11ec-8f3d-ca1d8b11d726,4b96e0f6-323f-11ec-b1ea-94bbbdaee87f,left,2021-10-27 09:47:27.002,,3b5d1c99,,guest,2021-10-27 09:47:34.516
226,b1818b62-3255-11ec-bed2-9a010fca4d91,4b96e0f6-323f-11ec-b1ea-94bbbdaee87f,left,2021-10-21 10:00:17.334,,d6ae1938,,host,2021-10-21 10:04:36.965
227,6bbe432a-5340-11ec-a393-df0807a6f675,fcd85ac4-354c-11ec-8a67-a069389d8a76,left,2021-12-02 07:21:09.240,,ea40c194,,host,2021-12-02 07:21:14.912
228,31ac6de0-360f-11ec-b19b-1a6c70deb5be,4b96e0f6-323f-11ec-b1ea-94bbbdaee87f,left,2021-10-27 08:38:07.107,,04cfd14d,,guest,2021-10-27 08:45:08.006
229,2c09a4f0-54b1-11ec-8128-9a512b7d65af,a2380034-4be4-11ec-8a8a-f97b5077e4e7,,2021-12-04 03:20:46.648,,b6280f6f,,host,
230,4762112c-4c48-11ec-9a23-7aa0f831666c,fcd85ac4-354c-11ec-8a67-a069389d8a76,,2021-11-23 10:29:46.065,,08b18433,,host,
231,6f47d4b2-4eee-11ec-b17e-3d9b09aaeb61,7e1a8aca-4bdd-11ec-91be-37ccbb55fab5,left,2021-11-26 19:24:11.785,,4ea54702,,host,2021-11-27 03:16:58.361
232,ebc27c7a-56ca-11ec-aaff-7bb189f8a79b,086c0164-3e09-11ec-af1c-166bc3c05ee1,left,2021-12-07 03:55:31.139,,4ec035be,,guest,2021-12-07 04:16:13.853
233,ebc27c7a-56ca-11ec-aaff-7bb189f8a79b,f3e85cce-3e17-11ec-af04-0cc96973a2b9,left,2021-12-07 01:18:32.341,,dd87571e,,guest,2021-12-07 04:21:43.491
234,ebc27c7a-56ca-11ec-aaff-7bb189f8a79b,86cf42e0-3e19-11ec-8ca4-e0c4d5ea46e8,left,2021-12-07 01:15:19.183,,df98beb9,,guest,2021-12-07 04:16:06.304
235,ebc27c7a-56ca-11ec-aaff-7bb189f8a79b,07bb7218-3e1d-11ec-807f-e967a48dff68,left,2021-12-07 04:13:21.237,,0645c959,,guest,2021-12-07 04:17:31.382
236,ebc27c7a-56ca-11ec-aaff-7bb189f8a79b,320a7c5e-3e21-11ec-8ac5-2ba34ecb720d,left,2021-12-07 04:11:43.263,,22658586,,guest,2021-12-07 04:21:13.901
237,ebc27c7a-56ca-11ec-aaff-7bb189f8a79b,69881ffa-3e22-11ec-a810-ddc3ee85e7df,left,2021-12-07 04:19:07.746,,73187ca3,,guest,2021-12-07 04:21:48.079
238,ebc27c7a-56ca-11ec-aaff-7bb189f8a79b,4fb96794-3e24-11ec-8fa2-eaabe3d3895a,left,2021-12-07 04:18:23.987,,8ac6da07,,guest,2021-12-07 04:20:15.485
239,ebc27c7a-56ca-11ec-aaff-7bb189f8a79b,0b940da4-3fa4-11ec-ae44-e418f1ed08b7,,2021-12-07 02:38:37.318,,31567457,,guest,
240,ebc27c7a-56ca-11ec-aaff-7bb189f8a79b,0a797542-4055-11ec-b470-35f604c8d212,,2021-12-07 00:23:01.279,,aea4f459,,guest,
241,ebc27c7a-56ca-11ec-aaff-7bb189f8a79b,02067cf4-407b-11ec-97e9-a72123dd15f3,left,2021-12-07 04:19:54.181,,fd0f1cc8,,guest,2021-12-07 04:21:48.552
242,ebc27c7a-56ca-11ec-aaff-7bb189f8a79b,51ddb6b0-407c-11ec-b312-c1f9cdf12ba7,left,2021-12-07 04:15:52.641,,dcce2315,,guest,2021-12-07 04:19:30.084
243,ebc27c7a-56ca-11ec-aaff-7bb189f8a79b,6de0cc28-407f-11ec-983a-242accf03efa,left,2021-12-06 19:56:46.392,,2e494102,,guest,2021-12-07 04:18:02.456
244,ebc27c7a-56ca-11ec-aaff-7bb189f8a79b,4207fabe-4191-11ec-a39e-becb1c27bf8c,left,2021-12-06 19:30:08.049,,cb8ac2fd,"SortedSet([UUID('02067cf4-407b-11ec-97e9-a72123dd15f3'), UUID('07bb7218-3e1d-11ec-807f-e967a48dff68'), UUID('320a7c5e-3e21-11ec-8ac5-2ba34ecb720d'), UUID('4fb96794-3e24-11ec-8fa2-eaabe3d3895a'), UUID('51ddb6b0-407c-11ec-b312-c1f9cdf12ba7'), UUID('69881ffa-3e22-11ec-a810-ddc3ee85e7df'), UUID('69ded394-5714-11ec-9c4f-88116078fe89')])",host,2021-12-07 04:07:55.270
245,ebc27c7a-56ca-11ec-aaff-7bb189f8a79b,73e6789c-41ca-11ec-a8b6-a4c0148ad650,,2021-12-06 22:10:18.421,,4f0e0882,,guest,
246,ebc27c7a-56ca-11ec-aaff-7bb189f8a79b,e340d9c6-4364-11ec-a444-e734332dc01d,left,2021-12-07 00:18:42.191,,07ecec48,,guest,2021-12-07 04:21:13.852
247,ebc27c7a-56ca-11ec-aaff-7bb189f8a79b,69ded394-5714-11ec-9c4f-88116078fe89,left,2021-12-07 04:16:14.494,,0982b7a8,,guest,2021-12-07 04:21:48.040
248,ef757e94-51cf-11ec-965c-87b1764a26be,26a04a38-4367-11ec-af61-e464f5f6361c,left,2021-11-30 11:23:25.923,,e70fb24f,,host,2021-11-30 11:23:33.117
249,4ef986d6-4d6a-11ec-bdec-bbedcc3b8bf5,5e64bb62-4be0-11ec-aad5-eccb9bc4f187,left,2021-11-24 21:06:35.356,,b3ce4501,,guest,2021-11-24 21:09:20.716
250,4ef986d6-4d6a-11ec-bdec-bbedcc3b8bf5,2a62ccd0-4be7-11ec-927f-6becf3f7aa96,left,2021-11-24 21:05:52.854,,921c1f8a,SortedSet([UUID('5e64bb62-4be0-11ec-aad5-eccb9bc4f187')]),host,2021-11-24 21:05:58.799
251,13ef7dee-53e5-11ec-a1d2-c7f5c89d792a,0a797542-4055-11ec-b470-35f604c8d212,left,2021-12-03 03:00:16.975,,efb98db3,,guest,2021-12-03 03:02:39.881
252,13ef7dee-53e5-11ec-a1d2-c7f5c89d792a,4207fabe-4191-11ec-a39e-becb1c27bf8c,left,2021-12-03 02:59:48.877,,e033d020,SortedSet([UUID('73e6789c-41ca-11ec-a8b6-a4c0148ad650')]),host,2021-12-03 03:00:22.661
253,13ef7dee-53e5-11ec-a1d2-c7f5c89d792a,73e6789c-41ca-11ec-a8b6-a4c0148ad650,left,2021-12-03 03:00:35.061,,685a2cc7,,guest,2021-12-03 03:02:39.654
254,97043094-51dd-11ec-96f1-1994d9eb2ae1,4b96e0f6-323f-11ec-b1ea-94bbbdaee87f,left,2021-11-30 13:01:10.497,,f3c3d184,"SortedSet([UUID('07bb7218-3e1d-11ec-807f-e967a48dff68'), UUID('87cc8630-51ba-11ec-8401-8a1eed32e025'), UUID('e340d9c6-4364-11ec-a444-e734332dc01d')])",host,2021-11-30 13:01:39.180
255,97043094-51dd-11ec-96f1-1994d9eb2ae1,07bb7218-3e1d-11ec-807f-e967a48dff68,left,2021-11-30 13:05:59.056,,1302c8b7,,guest,2021-11-30 13:36:50.286
256,97043094-51dd-11ec-96f1-1994d9eb2ae1,e340d9c6-4364-11ec-a444-e734332dc01d,left,2021-11-30 13:21:32.012,,1752791e,,guest,2021-11-30 13:45:45.415
257,97043094-51dd-11ec-96f1-1994d9eb2ae1,87cc8630-51ba-11ec-8401-8a1eed32e025,left,2021-11-30 13:02:02.902,,9b084ed8,,guest,2021-11-30 13:08:18.186
258,97043094-51dd-11ec-96f1-1994d9eb2ae1,8faf58a8-51d0-11ec-afe6-e88efaccecbd,left,2021-11-30 13:01:34.167,,1034f2cd,,guest,2021-11-30 13:22:08.955
259,2df9d6a0-4632-11ec-9fa4-9398c7538b20,1f72bb52-4627-11ec-9b1b-66de6f72b2fe,left,2021-11-15 16:36:27.535,,62e000c3,,host,2021-11-15 16:36:30.244
260,a37dc9ae-4c45-11ec-bce4-42d6c5ddda1a,4b96e0f6-323f-11ec-b1ea-94bbbdaee87f,left,2021-11-23 10:10:52.107,,4993c447,,host,2021-12-06 04:39:21.467
261,70a3d8f0-4143-11ec-8546-d40d92592be9,d1677ee0-323d-11ec-bd52-c72d60dcf1c1,,2021-11-09 09:59:37.776,,f41e6f06,,guest,
262,ca451e08-3709-11ec-b19b-1a6c70deb5be,4b96e0f6-323f-11ec-b1ea-94bbbdaee87f,left,2021-10-27 09:45:20.266,,c3ec0513,,guest,2021-10-27 09:45:57.093
263,85c01bf8-410d-11ec-a6a9-da843d7d8a6e,07bb7218-3e1d-11ec-807f-e967a48dff68,left,2021-11-09 03:31:27.602,,ac69ae74,SortedSet([UUID('f5e3ff62-404a-11ec-9d8e-ae78fe1d0ad6')]),host,2021-11-09 03:31:35.991
264,ef7181f4-4d79-11ec-a44f-92cc6c551c3f,2a62ccd0-4be7-11ec-927f-6becf3f7aa96,left,2021-11-24 22:57:44.525,,37c24d10,,host,2021-11-24 22:57:46.935
265,fee9adbc-3e1c-11ec-a5b2-9ecc81379b17,fcd85ac4-354c-11ec-8a67-a069389d8a76,left,2021-11-05 09:44:39.841,,d45514c4,"SortedSet([UUID('4b96e0f6-323f-11ec-b1ea-94bbbdaee87f'), UUID('69881ffa-3e22-11ec-a810-ddc3ee85e7df')])",host,2021-11-08 07:32:50.687
266,e09bbf08-4632-11ec-bcbc-7216786008d0,1f72bb52-4627-11ec-9b1b-66de6f72b2fe,left,2021-11-15 16:41:27.230,,257181a9,,host,2021-11-15 16:41:29.484
267,8e9112cc-4be0-11ec-aa34-b01f37bb40fd,ee248f30-4bd5-11ec-9b73-dd21c2b4b8f3,left,2021-11-22 22:07:17.833,,8210eebf,,host,2021-11-22 22:08:18.779
268,cdb22ad4-3e1d-11ec-910b-6e7b990e60c1,f3e85cce-3e17-11ec-af04-0cc96973a2b9,,2021-11-05 09:50:26.766,,ba9d053a,,host,
269,7729e860-4105-11ec-8cac-e5ad155faef8,f3e85cce-3e17-11ec-af04-0cc96973a2b9,,2021-11-09 02:33:47.158,,4f81f535,,host,
270,1f844e3a-328b-11ec-bed2-9a010fca4d91,eff78ff4-324b-11ec-8a7a-9284af838714,left,2021-10-21 16:22:45.228,,34874364,,host,2021-10-21 16:22:55.693
271,6b51a4ec-4c45-11ec-8354-b6101979750e,4b96e0f6-323f-11ec-b1ea-94bbbdaee87f,left,2021-11-23 10:09:17.866,,3d5921ff,,host,2021-11-23 10:09:22.450
272,87230ce6-483b-11ec-80f1-005255815ba2,4207fabe-4191-11ec-a39e-becb1c27bf8c,left,2021-11-18 06:48:24.919,,7a3f7855,,host,2021-11-20 05:19:57.062
273,d03c1e80-3707-11ec-b19b-1a6c70deb5be,4b96e0f6-323f-11ec-b1ea-94bbbdaee87f,left,2021-10-27 10:28:05.972,,cffe2f7b,,guest,2021-10-27 10:29:05.316
274,4ab5010e-412b-11ec-85af-4ab746b89c8b,69881ffa-3e22-11ec-a810-ddc3ee85e7df,left,2021-11-09 07:04:33.445,,2a83d8ca,,host,2021-11-09 09:02:43.693
275,2afbd2d2-566d-11ec-a5dc-4bd9dc78b75e,8faf58a8-51d0-11ec-afe6-e88efaccecbd,,2021-12-06 08:19:01.428,,6177a692,,host,
276,bf2f3f0c-4be6-11ec-8cf3-9ab7fb808598,ee248f30-4bd5-11ec-9b73-dd21c2b4b8f3,left,2021-11-22 22:51:36.380,,c21b8a8f,,host,2021-11-22 22:52:37.860
277,7b366c94-4d8f-11ec-9227-03618877e840,ee248f30-4bd5-11ec-9b73-dd21c2b4b8f3,left,2021-11-25 01:31:58.454,,8aae89a4,SortedSet([UUID('2a62ccd0-4be7-11ec-927f-6becf3f7aa96')]),host,2021-11-25 01:32:05.912
278,7b366c94-4d8f-11ec-9227-03618877e840,2a62ccd0-4be7-11ec-927f-6becf3f7aa96,left,2021-11-25 01:33:39.340,,2c4014dc,,guest,2021-11-25 01:38:06.589
279,6a87074c-4bf4-11ec-96e6-95c88a35d80d,efcf0f12-4bef-11ec-9846-6562e6fb1b2a,left,2021-11-23 00:29:27.305,,f5482fa0,,host,2021-11-23 00:55:39.768
280,8a3e962c-3709-11ec-b19b-1a6c70deb5be,4b96e0f6-323f-11ec-b1ea-94bbbdaee87f,left,2021-10-27 10:10:33.672,,89a501fe,,guest,2021-10-27 10:11:27.895
281,1f12b6b8-5693-11ec-bbf2-e9d4810aa34c,f3e85cce-3e17-11ec-af04-0cc96973a2b9,,2021-12-06 12:50:42.325,,cf6160c1,,host,
282,62c22cba-4110-11ec-9716-a208fd20e1ac,4b96e0f6-323f-11ec-b1ea-94bbbdaee87f,left,2021-11-09 07:18:12.384,,1480088b,,guest,2021-11-09 07:32:39.580
283,729ccd3e-57a4-11ec-94de-71a6340ac2a8,ee248f30-4bd5-11ec-9b73-dd21c2b4b8f3,left,2021-12-07 21:27:15.086,,d170fb71,"SortedSet([UUID('2a62ccd0-4be7-11ec-927f-6becf3f7aa96'), UUID('5e64bb62-4be0-11ec-aad5-eccb9bc4f187')])",host,2021-12-07 21:27:32.011
284,729ccd3e-57a4-11ec-94de-71a6340ac2a8,5e64bb62-4be0-11ec-aad5-eccb9bc4f187,left,2021-12-07 21:27:45.845,,1df933d0,,guest,2021-12-07 21:28:14.195
285,729ccd3e-57a4-11ec-94de-71a6340ac2a8,2a62ccd0-4be7-11ec-927f-6becf3f7aa96,left,2021-12-07 21:27:32.895,,25080efd,,guest,2021-12-07 21:28:14.214
286,335f20ce-32ea-11ec-9992-5adc50ad8e5b,eff78ff4-324b-11ec-8a7a-9284af838714,,2021-10-22 03:43:20.731,,73fd3388,,host,
287,c561e814-4c47-11ec-a0e6-240cf9924e1b,fcd85ac4-354c-11ec-8a67-a069389d8a76,,2021-11-23 10:26:07.960,,3f9caf99,,host,
288,0eb7244c-4636-11ec-aa9a-948642b5cacb,26a04a38-4367-11ec-af61-e464f5f6361c,left,2021-11-15 17:04:13.074,,2d04fed1,,host,2021-11-15 17:05:29.598
289,577a6d5a-409c-11ec-9c83-def6597c69bc,3d918522-3313-11ec-8329-feef32fc5b19,left,2021-11-08 14:01:16.840,,81422f5b,SortedSet([UUID('0b940da4-3fa4-11ec-ae44-e418f1ed08b7')]),host,2021-11-08 14:01:19.633
290,a2db01cc-4c3d-11ec-a22b-dab723255eb8,3d918522-3313-11ec-8329-feef32fc5b19,,2021-11-23 09:13:35.068,,2bd2130d,,host,
291,1a7d37d6-325d-11ec-bed2-9a010fca4d91,4b96e0f6-323f-11ec-b1ea-94bbbdaee87f,left,2021-10-27 09:16:37.123,,455da419,,guest,2021-10-27 09:24:02.754
292,1a7d37d6-325d-11ec-bed2-9a010fca4d91,3d918522-3313-11ec-8329-feef32fc5b19,left,2021-10-27 09:16:35.154,,73c54445,,guest,2021-10-27 09:19:56.088
293,e3a47e9c-4cf9-11ec-b028-801f44dbdd3f,320a7c5e-3e21-11ec-8ac5-2ba34ecb720d,left,2021-11-24 07:41:09.147,,0cb365f7,,host,2021-12-06 10:51:35.180
294,d2c18aee-4cbc-11ec-8910-b758be985282,5e64bb62-4be0-11ec-aad5-eccb9bc4f187,left,2021-11-24 00:24:01.522,,3111de9c,SortedSet([UUID('2a62ccd0-4be7-11ec-927f-6becf3f7aa96')]),host,2021-11-24 00:24:03.175
295,d2c18aee-4cbc-11ec-8910-b758be985282,2a62ccd0-4be7-11ec-927f-6becf3f7aa96,left,2021-11-24 00:24:29.332,,61334bd5,,guest,2021-11-24 00:46:00.535
296,2b4a0658-407b-11ec-9f5d-269185fd6da4,4b96e0f6-323f-11ec-b1ea-94bbbdaee87f,left,2021-11-08 10:12:21.248,,f59adf73,,guest,2021-11-08 11:12:43.168
297,2b4a0658-407b-11ec-9f5d-269185fd6da4,3d918522-3313-11ec-8329-feef32fc5b19,left,2021-11-08 10:11:26.276,,4a4fe263,,guest,2021-11-08 11:12:07.393
298,2b4a0658-407b-11ec-9f5d-269185fd6da4,07bb7218-3e1d-11ec-807f-e967a48dff68,left,2021-11-08 10:07:23.543,,97c32ccc,,guest,2021-11-09 04:27:47.455
299,2b4a0658-407b-11ec-9f5d-269185fd6da4,a3fcb9c8-3e1f-11ec-a777-75b999be7f89,left,2021-11-08 10:10:02.982,,b3c02092,,guest,2021-11-08 10:28:26.472
300,2b4a0658-407b-11ec-9f5d-269185fd6da4,320a7c5e-3e21-11ec-8ac5-2ba34ecb720d,left,2021-11-08 10:04:42.205,,50b647bc,,guest,2021-11-08 10:39:55.234
301,2b4a0658-407b-11ec-9f5d-269185fd6da4,69881ffa-3e22-11ec-a810-ddc3ee85e7df,left,2021-11-08 10:03:49.388,,ea48708b,"SortedSet([UUID('0b940da4-3fa4-11ec-ae44-e418f1ed08b7'), UUID('6de0cc28-407f-11ec-983a-242accf03efa'), UUID('df44d206-330f-11ec-b222-6fc08f95f7ab'), UUID('f5e3ff62-404a-11ec-9d8e-ae78fe1d0ad6'), UUID('fcd85ac4-354c-11ec-8a67-a069389d8a76')])",host,2021-11-08 10:12:50.473
302,2b4a0658-407b-11ec-9f5d-269185fd6da4,4fb96794-3e24-11ec-8fa2-eaabe3d3895a,left,2021-11-08 10:07:56.943,,86e76248,,guest,2021-11-08 11:13:27.618
303,2b4a0658-407b-11ec-9f5d-269185fd6da4,0b940da4-3fa4-11ec-ae44-e418f1ed08b7,left,2021-11-08 11:55:23.504,,424e0168,,guest,2021-11-08 13:53:37.399
304,2b4a0658-407b-11ec-9f5d-269185fd6da4,02067cf4-407b-11ec-97e9-a72123dd15f3,left,2021-11-08 10:05:10.634,,c18fb997,,guest,2021-11-08 11:22:40.039
305,2b4a0658-407b-11ec-9f5d-269185fd6da4,51ddb6b0-407c-11ec-b312-c1f9cdf12ba7,left,2021-11-08 10:12:29.735,,4ad17936,,guest,2021-11-08 10:16:46.454
306,2b4a0658-407b-11ec-9f5d-269185fd6da4,6de0cc28-407f-11ec-983a-242accf03efa,left,2021-11-08 10:34:20.140,,f1ae3f2c,,guest,2021-11-08 10:58:51.186
307,7cfff3d8-4c45-11ec-916c-8468d1bbf192,4b96e0f6-323f-11ec-b1ea-94bbbdaee87f,,2021-11-23 10:09:47.530,,11080e04,,host,
308,d30b9622-4cbf-11ec-b480-17587cb11d64,ee248f30-4bd5-11ec-9b73-dd21c2b4b8f3,left,2021-11-24 00:45:30.490,,d619611e,"SortedSet([UUID('2a62ccd0-4be7-11ec-927f-6becf3f7aa96'), UUID('5e64bb62-4be0-11ec-aad5-eccb9bc4f187')])",host,2021-11-24 00:45:38.948
309,d30b9622-4cbf-11ec-b480-17587cb11d64,5e64bb62-4be0-11ec-aad5-eccb9bc4f187,left,2021-11-24 00:46:16.008,,a5d7a465,,guest,2021-11-24 01:01:01.384
310,d30b9622-4cbf-11ec-b480-17587cb11d64,2a62ccd0-4be7-11ec-927f-6becf3f7aa96,left,2021-11-24 00:45:56.134,,ee6552d6,,guest,2021-11-24 01:31:25.037
311,a2dae61a-4c3d-11ec-b022-323bf08d061d,3d918522-3313-11ec-8329-feef32fc5b19,joining,2021-11-23 09:13:35.068,,a86f6dfa,,host,2021-11-23 09:16:34.928
312,b0bc5c96-4067-11ec-aa51-0ed1735cda86,69881ffa-3e22-11ec-a810-ddc3ee85e7df,left,2021-11-08 07:44:23.263,,16ceabe8,,host,2021-11-08 09:24:35.258
313,1b157512-4042-11ec-ba64-0ed1735cda86,0b940da4-3fa4-11ec-ae44-e418f1ed08b7,left,2021-11-08 03:15:20.813,,67cba89d,,host,2021-11-08 03:38:51.819
314,b67e7d72-49c1-11ec-bf4a-b7dd133fbdf4,4207fabe-4191-11ec-a39e-becb1c27bf8c,left,2021-11-20 05:21:28.097,,74d4081a,,host,2021-11-20 05:22:23.821
315,02f12170-4079-11ec-80c3-669934ce5a0c,3d918522-3313-11ec-8329-feef32fc5b19,left,2021-11-08 09:50:00.362,,f6f4e585,,guest,2021-11-08 10:08:40.908
316,c29f69d0-3aef-11ec-bcd5-7ad4ba4e9e08,4b96e0f6-323f-11ec-b1ea-94bbbdaee87f,left,2021-11-01 08:43:17.853,,7cbb29c6,,host,2021-11-01 08:43:23.364
317,1b582b04-3e18-11ec-8b21-26857fb5220e,f3e85cce-3e17-11ec-af04-0cc96973a2b9,left,2021-11-05 09:09:40.061,,a8058817,,host,2021-11-05 09:09:49.466
318,5bbc3d9c-56ba-11ec-a65c-8623fa20d930,0a797542-4055-11ec-b470-35f604c8d212,left,2021-12-06 17:32:19.224,,fe3824e7,,guest,2021-12-06 17:32:48.647
319,5bbc3d9c-56ba-11ec-a65c-8623fa20d930,4207fabe-4191-11ec-a39e-becb1c27bf8c,left,2021-12-06 17:31:34.479,,ec6a36b0,"SortedSet([UUID('0a797542-4055-11ec-b470-35f604c8d212'), UUID('73e6789c-41ca-11ec-a8b6-a4c0148ad650')])",host,2021-12-06 17:31:44.666
320,5bbc3d9c-56ba-11ec-a65c-8623fa20d930,73e6789c-41ca-11ec-a8b6-a4c0148ad650,left,2021-12-06 17:32:29.109,,ee71c59e,,guest,2021-12-06 17:32:48.538
321,a89e6e04-51bb-11ec-bdb8-43d804d0fe22,2350f594-3287-11ec-9bc4-d0dbea1a278a,left,2021-11-30 09:07:48.755,,1ad3b268,,guest,2021-11-30 09:07:49.832
322,a89e6e04-51bb-11ec-bdb8-43d804d0fe22,87cc8630-51ba-11ec-8401-8a1eed32e025,left,2021-11-30 08:58:17.140,,d7281ab5,SortedSet([UUID('2350f594-3287-11ec-9bc4-d0dbea1a278a')]),host,2021-11-30 08:58:22.560
323,20d69f74-4148-11ec-ad4d-f949899cd747,086c0164-3e09-11ec-af1c-166bc3c05ee1,left,2021-11-09 10:30:58.607,,d03d9388,SortedSet([UUID('69881ffa-3e22-11ec-a810-ddc3ee85e7df')]),host,2021-11-09 10:31:00.984
324,20d69f74-4148-11ec-ad4d-f949899cd747,69881ffa-3e22-11ec-a810-ddc3ee85e7df,left,2021-11-09 10:31:34.600,,ad99400a,,guest,2021-11-09 10:31:53.216
325,b8273d3e-51e7-11ec-9789-51fac920adc3,e340d9c6-4364-11ec-a444-e734332dc01d,left,2021-11-30 14:13:41.058,,67a4bb63,,host,2021-11-30 14:13:54.666
326,3b365736-4366-11ec-a439-391d00558f69,fcd85ac4-354c-11ec-8a67-a069389d8a76,left,2021-11-12 03:11:30.090,,3edb9de1,,host,2021-11-12 03:14:42.554
327,3b365736-4366-11ec-a439-391d00558f69,e340d9c6-4364-11ec-a444-e734332dc01d,left,2021-11-12 03:13:44.707,,5dcf3f9e,,guest,2021-11-12 03:16:05.141
328,3c300d40-325d-11ec-9922-5adc50ad8e5b,4b96e0f6-323f-11ec-b1ea-94bbbdaee87f,,2021-10-21 10:55:44.213,,cb4e3ccc,,guest,
329,d780616e-483d-11ec-82da-ab4c06b9f5ac,4207fabe-4191-11ec-a39e-becb1c27bf8c,left,2021-11-18 07:04:58.739,,b4a69802,,host,2021-11-18 07:05:36.777
330,51fd8fa2-4d61-11ec-9b94-b87d67c5ddf4,26b303f2-4bd3-11ec-87c1-e517be6df39b,left,2021-11-24 20:01:32.444,,e18eebe4,,host,2021-11-24 20:01:58.186
331,d585677c-4c45-11ec-9dc0-1ce7fef65f60,4b96e0f6-323f-11ec-b1ea-94bbbdaee87f,left,2021-11-23 10:12:16.042,,26003fe3,,host,2021-12-06 04:37:21.994
332,ea024562-3e1c-11ec-a88f-6e7b990e60c1,fcd85ac4-354c-11ec-8a67-a069389d8a76,left,2021-11-05 09:44:04.770,,ce326b9b,,host,2021-11-09 11:16:23.304
333,b6cd5cbe-51bc-11ec-ae8d-2880d63e8296,e340d9c6-4364-11ec-a444-e734332dc01d,left,2021-11-30 09:05:50.433,,54099afc,,host,2021-11-30 09:06:57.791
334,b6cd5cbe-51bc-11ec-ae8d-2880d63e8296,26a04a38-4367-11ec-af61-e464f5f6361c,left,2021-11-30 09:06:18.103,,53e48816,,guest,2021-11-30 09:11:39.341
335,78e90228-5210-11ec-8109-019febcea62a,ee248f30-4bd5-11ec-9b73-dd21c2b4b8f3,left,2021-11-30 19:05:24.320,,b30ec17b,SortedSet([UUID('2a62ccd0-4be7-11ec-927f-6becf3f7aa96')]),host,2021-11-30 19:05:33.015
336,78e90228-5210-11ec-8109-019febcea62a,2a62ccd0-4be7-11ec-927f-6becf3f7aa96,left,2021-11-30 19:05:49.604,,9b4cf0e9,,guest,2021-11-30 19:47:35.469
337,26b2af52-4164-11ec-9d63-087b9dcaf8a6,f3e85cce-3e17-11ec-af04-0cc96973a2b9,,2021-11-09 13:51:34.347,,5091741f,,host,
338,db36d0fa-3707-11ec-9d8e-1a6c70deb5be,4b96e0f6-323f-11ec-b1ea-94bbbdaee87f,left,2021-10-27 10:25:35.439,,2973210b,,guest,2021-10-27 10:25:45.226
339,36a4a7a0-3ea6-11ec-9239-269185fd6da4,86cf42e0-3e19-11ec-8ca4-e0c4d5ea46e8,left,2021-11-06 02:06:54.394,,4bf97af2,,host,2021-11-06 02:07:29.095
340,d7a088c4-57a4-11ec-9e43-c59a92b8119d,ee248f30-4bd5-11ec-9b73-dd21c2b4b8f3,left,2021-12-07 21:31:13.546,,7d73ef29,,guest,2021-12-07 21:31:56.714
341,d7a088c4-57a4-11ec-9e43-c59a92b8119d,2a62ccd0-4be7-11ec-927f-6becf3f7aa96,left,2021-12-07 21:30:04.556,,8ab092aa,SortedSet([UUID('ee248f30-4bd5-11ec-9b73-dd21c2b4b8f3')]),host,2021-12-07 21:30:06.519
342,d013008e-3709-11ec-b19b-1a6c70deb5be,4b96e0f6-323f-11ec-b1ea-94bbbdaee87f,left,2021-10-27 09:41:25.972,,e1358da9,,guest,2021-10-27 09:41:34.109
343,3d336fc8-4cb8-11ec-b27c-d232b43babe8,5e64bb62-4be0-11ec-aad5-eccb9bc4f187,left,2021-11-24 00:12:16.508,,7b627717,,guest,2021-11-24 00:21:31.789
344,3d336fc8-4cb8-11ec-b27c-d232b43babe8,2a62ccd0-4be7-11ec-927f-6becf3f7aa96,left,2021-11-23 23:51:12.617,,8f03f63e,SortedSet([UUID('a2380034-4be4-11ec-8a8a-f97b5077e4e7')]),host,2021-11-23 23:51:15.381
345,da9e9282-3319-11ec-bed2-9a010fca4d91,4b96e0f6-323f-11ec-b1ea-94bbbdaee87f,left,2021-10-22 09:24:27.669,,49fd7aa6,,host,2021-11-11 23:25:09.386
346,63dafe7a-4d8a-11ec-8a2b-a3fb33d22640,ee248f30-4bd5-11ec-9b73-dd21c2b4b8f3,left,2021-11-25 00:55:31.780,,a05e2c27,SortedSet([UUID('5e64bb62-4be0-11ec-aad5-eccb9bc4f187')]),host,2021-11-25 00:55:44.200
347,63dafe7a-4d8a-11ec-8a2b-a3fb33d22640,5e64bb62-4be0-11ec-aad5-eccb9bc4f187,,2021-11-25 00:55:58.943,,dc39c751,,guest,
348,a1ceca4c-410d-11ec-825f-2acb9f95e4d9,86cf42e0-3e19-11ec-8ca4-e0c4d5ea46e8,left,2021-11-09 03:32:14.674,,2a014d78,,host,2021-11-10 04:28:56.089
349,7f34438a-4d84-11ec-a959-09eb3d5642cf,ee248f30-4bd5-11ec-9b73-dd21c2b4b8f3,left,2021-11-25 00:13:20.683,,5dc0c2f5,,host,2021-11-25 00:13:22.814
350,c6b7caa8-3707-11ec-b873-eedd329acacc,4b96e0f6-323f-11ec-b1ea-94bbbdaee87f,left,2021-10-27 10:31:30.197,,5d61e715,,guest,2021-10-27 10:32:35.315
351,19533022-4211-11ec-b973-ff50cbe9c5df,86cf42e0-3e19-11ec-8ca4-e0c4d5ea46e8,left,2021-11-10 10:29:34.846,,5fa9210c,,host,2021-11-12 00:14:02.639
352,3e360cbc-41f7-11ec-b500-02b011aaf6da,86cf42e0-3e19-11ec-8ca4-e0c4d5ea46e8,left,2021-11-10 07:24:29.815,,ba4fb2fa,,host,2021-11-10 07:24:32.457
353,342c15c0-4366-11ec-8fb9-5248accea2f5,fcd85ac4-354c-11ec-8a67-a069389d8a76,left,2021-11-12 03:11:18.274,,4413e490,SortedSet([UUID('26a04a38-4367-11ec-af61-e464f5f6361c')]),host,2021-11-12 03:16:37.793
354,342c15c0-4366-11ec-8fb9-5248accea2f5,e340d9c6-4364-11ec-a444-e734332dc01d,left,2021-11-12 03:13:06.489,,587dc5ee,,guest,2021-11-12 03:19:56.383
355,342c15c0-4366-11ec-8fb9-5248accea2f5,26a04a38-4367-11ec-af61-e464f5f6361c,left,2021-11-12 03:18:33.253,,0f00f45a,,guest,2021-11-12 03:28:23.580
356,4dbfd336-5244-11ec-855b-8a40bfb91925,ee248f30-4bd5-11ec-9b73-dd21c2b4b8f3,left,2021-12-01 01:16:25.737,,528c9b30,"SortedSet([UUID('2a62ccd0-4be7-11ec-927f-6becf3f7aa96'), UUID('5e64bb62-4be0-11ec-aad5-eccb9bc4f187')])",host,2021-12-01 01:16:35.348
357,4dbfd336-5244-11ec-855b-8a40bfb91925,5e64bb62-4be0-11ec-aad5-eccb9bc4f187,left,2021-12-01 01:22:34.446,,64c7cdcd,,guest,2021-12-01 01:33:17.566
358,4dbfd336-5244-11ec-855b-8a40bfb91925,2a62ccd0-4be7-11ec-927f-6becf3f7aa96,left,2021-12-01 01:17:47.264,,f1ebf9a9,,guest,2021-12-01 01:33:20.256
359,516bc194-5289-11ec-92f6-77fd29f7d786,07bb7218-3e1d-11ec-807f-e967a48dff68,left,2021-12-01 09:30:27.173,,78eeab7d,,host,2021-12-01 09:30:30.923
360,205fc292-3e1d-11ec-a653-0ac980024e64,fcd85ac4-354c-11ec-8a67-a069389d8a76,left,2021-11-05 09:45:35.980,,37fabbbe,SortedSet([UUID('98c86e0a-324c-11ec-a204-9da21b625b1f')]),host,2021-11-05 16:30:56.092
361,2ac755ce-4098-11ec-bc88-b7f9e3610ba5,3d918522-3313-11ec-8329-feef32fc5b19,left,2021-11-08 13:31:23.862,,76321420,SortedSet([UUID('0b940da4-3fa4-11ec-ae44-e418f1ed08b7')]),host,2021-11-08 13:31:41.406
362,607a4b94-49c2-11ec-931e-6fc2eefb94cb,4207fabe-4191-11ec-a39e-becb1c27bf8c,left,2021-11-20 05:26:13.280,,a252398f,,host,2021-11-30 05:27:15.309
363,ef8df0c4-4210-11ec-abc7-66710d76f580,69881ffa-3e22-11ec-a810-ddc3ee85e7df,,2021-11-10 10:28:24.769,,e6d28c11,,host,
364,c49f265c-51e3-11ec-a5a4-4d01cded3ba0,26a04a38-4367-11ec-af61-e464f5f6361c,left,2021-11-30 13:45:23.989,,319adfca,,host,2021-12-06 04:51:00.289
365,54d19d7a-5650-11ec-90f8-fa395611c49b,26a04a38-4367-11ec-af61-e464f5f6361c,left,2021-12-06 04:52:36.211,,1a1bb25a,,host,2021-12-06 04:52:54.660
366,9af4d262-41e3-11ec-9484-06ec9b0ffb2b,86cf42e0-3e19-11ec-8ca4-e0c4d5ea46e8,left,2021-11-10 05:03:55.483,,e93e6545,,host,2021-11-10 05:03:59.311
367,e764e3d0-328e-11ec-9922-5adc50ad8e5b,4b96e0f6-323f-11ec-b1ea-94bbbdaee87f,left,2021-10-21 16:49:49.057,,4b4361d2,,host,2021-10-21 16:50:45.559
368,901f2a18-51c4-11ec-8306-ae059e4648c9,086c0164-3e09-11ec-af1c-166bc3c05ee1,,2021-11-30 10:02:01.508,,74c5c96c,,host,
369,ae25b03c-4d8b-11ec-89fa-c2e3dc4ddbd9,ee248f30-4bd5-11ec-9b73-dd21c2b4b8f3,left,2021-11-25 01:04:45.918,,cec923c1,SortedSet([UUID('2a62ccd0-4be7-11ec-927f-6becf3f7aa96')]),host,2021-11-25 01:05:14.916
370,ae25b03c-4d8b-11ec-89fa-c2e3dc4ddbd9,2a62ccd0-4be7-11ec-927f-6becf3f7aa96,left,2021-11-25 01:05:38.091,,3a451741,,guest,2021-11-25 01:30:24.827
371,16c15e3c-4082-11ec-ba64-0ed1735cda86,07bb7218-3e1d-11ec-807f-e967a48dff68,left,2021-11-08 10:53:21.338,,f7909a6c,,host,2021-11-08 11:29:01.267
372,8d6d3896-328e-11ec-bed2-9a010fca4d91,4b96e0f6-323f-11ec-b1ea-94bbbdaee87f,left,2021-10-21 16:47:18.117,,90e5ce4f,,host,2021-10-21 16:47:46.874
373,1347b92c-5306-11ec-8a2e-d4f347318731,4207fabe-4191-11ec-a39e-becb1c27bf8c,left,2021-12-02 00:23:30.009,,3b81ba4a,,host,2021-12-02 00:23:33.621
374,2648389c-3aee-11ec-b32b-7ad4ba4e9e08,4b96e0f6-323f-11ec-b1ea-94bbbdaee87f,left,2021-11-01 08:33:02.605,,410f3353,,guest,2021-11-01 08:41:59.425
375,2648389c-3aee-11ec-b32b-7ad4ba4e9e08,0acdc93c-3289-11ec-8288-37b3a133648b,left,2021-11-01 08:31:46.059,,c44233bb,"SortedSet([UUID('4b96e0f6-323f-11ec-b1ea-94bbbdaee87f'), UUID('98c86e0a-324c-11ec-a204-9da21b625b1f')])",host,2021-11-01 08:31:54.592
376,e905fc96-4077-11ec-bf90-a273009342b9,0b940da4-3fa4-11ec-ae44-e418f1ed08b7,left,2021-11-08 09:40:29.646,,26d53c84,,host,2021-11-08 09:59:41.475
377,129a96fc-53ec-11ec-ac0a-229f2621c427,07bb7218-3e1d-11ec-807f-e967a48dff68,,2021-12-03 03:49:53.122,,4c7975ac,,host,
378,25b49c1e-3d8b-11ec-b9ee-aace27223b7f,fcd85ac4-354c-11ec-8a67-a069389d8a76,left,2021-11-04 16:20:38.402,,cc27b8e4,,host,2021-11-04 16:22:05.890
379,4a598204-4368-11ec-8095-34e91b436c77,26a04a38-4367-11ec-af61-e464f5f6361c,left,2021-11-12 03:26:14.474,,d8fcf05d,,host,2021-11-12 04:00:19.824
380,8abcdd08-3ece-11ec-80c3-669934ce5a0c,774f3b62-3e97-11ec-a752-999697ce82c9,left,2021-11-06 06:55:35.351,,2273352a,,host,2021-11-08 15:51:36.352
381,3c81cf04-4130-11ec-a0bb-596ca2654f85,6de0cc28-407f-11ec-983a-242accf03efa,left,2021-11-09 07:39:57.105,,1c33225e,,host,2021-11-09 07:40:13.170
382,1884e138-4633-11ec-aa61-41140f263cad,1f72bb52-4627-11ec-9b1b-66de6f72b2fe,left,2021-11-15 16:43:01.033,,3931efdf,,host,2021-11-15 16:43:03.416
383,126f952a-325d-11ec-b216-9a010fca4d91,4b96e0f6-323f-11ec-b1ea-94bbbdaee87f,,2021-10-27 10:41:15.711,,90391abf,,guest,
384,575d9aaa-4c3f-11ec-bc1c-ffaaf4320ad1,fcd85ac4-354c-11ec-8a67-a069389d8a76,,2021-11-23 09:25:47.409,,49a9f9f4,,host,
385,0c743aac-3d8b-11ec-b32b-7ad4ba4e9e08,fcd85ac4-354c-11ec-8a67-a069389d8a76,left,2021-11-04 16:19:56.036,,69fce325,,host,2021-11-04 16:20:04.679
386,f6522d12-4c47-11ec-89a3-cc250892345f,fcd85ac4-354c-11ec-8a67-a069389d8a76,,2021-11-23 10:27:30.065,,bd1620f0,,host,
387,16e83662-3257-11ec-8c4a-9a010fca4d91,4b96e0f6-323f-11ec-b1ea-94bbbdaee87f,left,2021-10-21 10:10:16.953,,a0bd1a63,,host,2021-10-21 10:10:59.429
388,6e49e204-4ef2-11ec-ba4c-f8b46a3c1a47,ee248f30-4bd5-11ec-9b73-dd21c2b4b8f3,left,2021-11-26 19:53:30.757,,24cdf0d6,,guest,2021-11-26 21:30:01.853
389,6e49e204-4ef2-11ec-ba4c-f8b46a3c1a47,5e64bb62-4be0-11ec-aad5-eccb9bc4f187,left,2021-11-26 19:52:48.110,,d2e14d5b,"SortedSet([UUID('2a62ccd0-4be7-11ec-927f-6becf3f7aa96'), UUID('ee248f30-4bd5-11ec-9b73-dd21c2b4b8f3')])",host,2021-11-26 19:52:51.912
390,6e49e204-4ef2-11ec-ba4c-f8b46a3c1a47,2a62ccd0-4be7-11ec-927f-6becf3f7aa96,left,2021-11-26 19:54:37.929,,2ed0dac5,,guest,2021-11-26 20:02:49.722
391,2d6e88da-414f-11ec-a228-5e0fb38bc29e,3d918522-3313-11ec-8329-feef32fc5b19,,2021-11-09 11:21:26.213,,439c2fec,,host,
392,92483a0e-3316-11ec-9992-5adc50ad8e5b,4b96e0f6-323f-11ec-b1ea-94bbbdaee87f,left,2021-10-27 08:53:33.706,,b6119cf6,,guest,2021-10-27 08:59:34.060
393,92483a0e-3316-11ec-9992-5adc50ad8e5b,3d918522-3313-11ec-8329-feef32fc5b19,left,2021-10-27 08:52:27.879,,15b7c560,,guest,2021-10-27 09:06:48.782
394,67decf52-4d7f-11ec-8418-0404940564cf,efcf0f12-4bef-11ec-9846-6562e6fb1b2a,left,2021-11-24 23:36:54.052,,81b4f2eb,,host,2021-11-24 23:38:58.631
395,2aca884c-4e5e-11ec-8c2e-a15607831777,ee248f30-4bd5-11ec-9b73-dd21c2b4b8f3,left,2021-11-26 02:11:29.354,,a3a30127,SortedSet([UUID('2a62ccd0-4be7-11ec-927f-6becf3f7aa96')]),host,2021-11-26 02:11:40.759
396,2aca884c-4e5e-11ec-8c2e-a15607831777,2a62ccd0-4be7-11ec-927f-6becf3f7aa96,left,2021-11-26 02:12:10.411,,926c5d50,,guest,2021-11-26 02:39:17.084
397,58728204-5719-11ec-b188-8ce570abd439,0b940da4-3fa4-11ec-ae44-e418f1ed08b7,left,2021-12-07 04:52:47.579,,514072dc,,guest,2021-12-07 04:53:27.969
398,58728204-5719-11ec-b188-8ce570abd439,4207fabe-4191-11ec-a39e-becb1c27bf8c,left,2021-12-07 04:51:31.148,,b2001de6,"SortedSet([UUID('0b940da4-3fa4-11ec-ae44-e418f1ed08b7'), UUID('73e6789c-41ca-11ec-a8b6-a4c0148ad650')])",host,2021-12-07 04:51:35.705
399,58728204-5719-11ec-b188-8ce570abd439,73e6789c-41ca-11ec-a8b6-a4c0148ad650,left,2021-12-07 04:53:12.276,,31152740,,guest,2021-12-07 04:56:48.541
400,d861d832-5333-11ec-abec-c41f982a5605,73e6789c-41ca-11ec-a8b6-a4c0148ad650,left,2021-12-02 05:51:08.041,,c788a16c,,host,2021-12-02 05:51:17.783
401,bca734ae-5255-11ec-aa23-766eda6fed53,87cc8630-51ba-11ec-8401-8a1eed32e025,left,2021-12-01 03:21:13.249,,e74093fd,,host,2021-12-01 03:21:16.120
402,5699233e-379d-11ec-9e3a-ca1d8b11d726,4b96e0f6-323f-11ec-b1ea-94bbbdaee87f,left,2021-11-01 09:19:54.912,,da8527ba,,guest,2021-11-01 09:25:33.181
403,5699233e-379d-11ec-9e3a-ca1d8b11d726,0acdc93c-3289-11ec-8288-37b3a133648b,left,2021-11-01 09:19:37.457,,646bb30c,,guest,2021-11-01 09:19:46.770
404,80d3bd78-4083-11ec-8538-669934ce5a0c,69881ffa-3e22-11ec-a810-ddc3ee85e7df,,2021-11-08 11:03:28.793,,4041b111,,host,
405,926006a6-3de4-11ec-b701-923daff03881,3d918522-3313-11ec-8329-feef32fc5b19,left,2021-11-05 03:00:45.929,,e7b3ca41,,host,2021-11-05 03:00:55.705
406,f61e7d78-3707-11ec-b19b-1a6c70deb5be,4b96e0f6-323f-11ec-b1ea-94bbbdaee87f,left,2021-10-27 10:23:29.169,,4d08f4ee,,guest,2021-10-27 10:24:36.494
407,18036f86-412e-11ec-a3c5-aea16b5bd819,4b96e0f6-323f-11ec-b1ea-94bbbdaee87f,left,2021-11-09 07:30:38.351,,4e14fd08,,guest,2021-11-11 05:24:23.882
408,18036f86-412e-11ec-a3c5-aea16b5bd819,086c0164-3e09-11ec-af1c-166bc3c05ee1,left,2021-11-10 02:20:46.701,,db180e32,,guest,2021-11-10 02:32:16.082
409,18036f86-412e-11ec-a3c5-aea16b5bd819,07bb7218-3e1d-11ec-807f-e967a48dff68,left,2021-11-09 07:43:10.914,,89feaf0b,,guest,2021-11-10 05:10:48.973
410,18036f86-412e-11ec-a3c5-aea16b5bd819,a3fcb9c8-3e1f-11ec-a777-75b999be7f89,left,2021-11-09 07:44:34.712,,ef187501,,guest,2021-11-09 09:56:39.599
411,18036f86-412e-11ec-a3c5-aea16b5bd819,320a7c5e-3e21-11ec-8ac5-2ba34ecb720d,left,2021-11-09 07:51:24.967,,89448d44,,guest,2021-11-09 11:51:26.187
412,18036f86-412e-11ec-a3c5-aea16b5bd819,4fb96794-3e24-11ec-8fa2-eaabe3d3895a,left,2021-11-09 08:17:02.779,,102e1ca2,,guest,2021-11-09 09:59:15.429
413,18036f86-412e-11ec-a3c5-aea16b5bd819,0b940da4-3fa4-11ec-ae44-e418f1ed08b7,left,2021-11-09 07:24:36.887,,d7c3aaa9,"SortedSet([UUID('02067cf4-407b-11ec-97e9-a72123dd15f3'), UUID('07bb7218-3e1d-11ec-807f-e967a48dff68'), UUID('320a7c5e-3e21-11ec-8ac5-2ba34ecb720d'), UUID('4b96e0f6-323f-11ec-b1ea-94bbbdaee87f'), UUID('4fb96794-3e24-11ec-8fa2-eaabe3d3895a'), UUID('6de0cc28-407f-11ec-983a-242accf03efa'), UUID('a3fcb9c8-3e1f-11ec-a777-75b999be7f89'), UUID('df44d206-330f-11ec-b222-6fc08f95f7ab'), UUID('f5e3ff62-404a-11ec-9d8e-ae78fe1d0ad6')])",host,2021-11-09 07:28:39.231
414,18036f86-412e-11ec-a3c5-aea16b5bd819,02067cf4-407b-11ec-97e9-a72123dd15f3,left,2021-11-09 07:33:52.846,,4a627288,,guest,2021-11-09 07:34:27.941
415,18036f86-412e-11ec-a3c5-aea16b5bd819,6de0cc28-407f-11ec-983a-242accf03efa,left,2021-11-09 07:44:29.166,,9295a9cb,,guest,2021-11-09 13:27:04.995
416,e832aae6-4bfb-11ec-a57e-5fa5f60a056c,efcf0f12-4bef-11ec-9846-6562e6fb1b2a,left,2021-11-23 01:23:04.622,,27a993c5,,host,2021-11-23 01:23:35.288
417,5da60d88-4628-11ec-b165-628b6d5ba226,1f72bb52-4627-11ec-9b1b-66de6f72b2fe,left,2021-11-15 15:26:12.548,,dff3f23a,,host,2021-11-15 15:27:21.300
418,e320f470-51e3-11ec-a13c-62647523b223,e340d9c6-4364-11ec-a444-e734332dc01d,left,2021-11-30 13:46:15.170,,ca642f8e,,host,2021-11-30 13:50:58.573
419,ae4d3b44-4c45-11ec-ba32-bc8ac09e5892,4b96e0f6-323f-11ec-b1ea-94bbbdaee87f,,2021-11-23 10:11:10.243,,072bcfe5,,host,
420,81c249f8-4366-11ec-8941-ed255038ec7a,e340d9c6-4364-11ec-a444-e734332dc01d,left,2021-11-12 03:13:28.442,,7be0f4e4,,host,2021-11-12 03:13:30.470
421,22994ab8-325d-11ec-9992-5adc50ad8e5b,4b96e0f6-323f-11ec-b1ea-94bbbdaee87f,,2021-10-27 09:15:47.758,,523985fb,,guest,
422,b1b9a3b4-48bf-11ec-b84f-55e976d8117d,73e6789c-41ca-11ec-a8b6-a4c0148ad650,left,2021-11-18 22:34:29.941,,ab1c02ab,,host,2021-11-18 22:34:44.579
423,cd932984-4e5f-11ec-afd5-807cd4e1cbb0,efcf0f12-4bef-11ec-9846-6562e6fb1b2a,left,2021-11-26 02:23:11.951,,eac683b1,,host,2021-11-26 02:23:14.735
424,aebbecf0-3e09-11ec-8b21-26857fb5220e,086c0164-3e09-11ec-af1c-166bc3c05ee1,left,2021-11-05 07:26:24.886,,4abb32b3,,host,2021-11-05 07:26:27.312
425,6baf2a22-4b5f-11ec-a94d-61b24187c361,4207fabe-4191-11ec-a39e-becb1c27bf8c,left,2021-11-22 06:42:54.233,,88d4816d,,host,2021-11-22 06:42:55.851
426,cef77206-3287-11ec-9992-5adc50ad8e5b,4b96e0f6-323f-11ec-b1ea-94bbbdaee87f,left,2021-10-22 03:40:42.752,,30c30d01,,guest,2021-10-22 03:52:35.201
427,cef77206-3287-11ec-9992-5adc50ad8e5b,eff78ff4-324b-11ec-8a7a-9284af838714,left,2021-10-21 16:23:36.610,,f677975a,,guest,2021-10-22 03:36:22.348
428,b83a8be0-4153-11ec-8c73-a553d54c066b,320a7c5e-3e21-11ec-8ac5-2ba34ecb720d,left,2021-11-09 11:53:57.061,,65cf2ec2,,host,2021-11-09 11:54:23.919
429,87fff066-4110-11ec-825c-f2bc1a37deed,86cf42e0-3e19-11ec-8ca4-e0c4d5ea46e8,left,2021-11-09 03:52:59.866,,7591db34,,host,2021-11-10 04:27:08.943
430,076436fa-3e1e-11ec-af06-26857fb5220e,eff78ff4-324b-11ec-8a7a-9284af838714,left,2021-11-05 11:58:48.236,,4ee141ed,,guest,2021-11-05 12:04:32.647
431,076436fa-3e1e-11ec-af06-26857fb5220e,07bb7218-3e1d-11ec-807f-e967a48dff68,left,2021-11-05 09:52:03.562,,ea1adccd,"SortedSet([UUID('1511e6ea-3238-11ec-baed-db9564ba7148'), UUID('320a7c5e-3e21-11ec-8ac5-2ba34ecb720d'), UUID('3d918522-3313-11ec-8329-feef32fc5b19'), UUID('4fb96794-3e24-11ec-8fa2-eaabe3d3895a'), UUID('69881ffa-3e22-11ec-a810-ddc3ee85e7df'), UUID('98c86e0a-324c-11ec-a204-9da21b625b1f'), UUID('a3fcb9c8-3e1f-11ec-a777-75b999be7f89'), UUID('eff78ff4-324b-11ec-8a7a-9284af838714'), UUID('fcd85ac4-354c-11ec-8a67-a069389d8a76')])",host,2021-11-05 09:52:10.427
432,076436fa-3e1e-11ec-af06-26857fb5220e,a3fcb9c8-3e1f-11ec-a777-75b999be7f89,left,2021-11-05 10:04:00.266,,e952e7e3,,guest,2021-11-05 10:42:10.948
433,076436fa-3e1e-11ec-af06-26857fb5220e,320a7c5e-3e21-11ec-8ac5-2ba34ecb720d,left,2021-11-05 11:18:18.162,,976b21d6,,guest,2021-11-05 11:57:37.608
434,076436fa-3e1e-11ec-af06-26857fb5220e,69881ffa-3e22-11ec-a810-ddc3ee85e7df,left,2021-11-05 11:26:04.739,,858d46f9,,guest,2021-11-05 11:56:30.973
435,076436fa-3e1e-11ec-af06-26857fb5220e,4fb96794-3e24-11ec-8fa2-eaabe3d3895a,left,2021-11-05 10:37:03.368,,d2e4a7c5,,guest,2021-11-05 10:48:30.977
436,f7f55294-5286-11ec-a62a-c9844ca38e73,87cc8630-51ba-11ec-8401-8a1eed32e025,left,2021-12-01 09:13:38.087,,191d9879,,host,2021-12-01 09:13:40.283
437,eebea830-51bc-11ec-adf7-dbdf35f24000,4b96e0f6-323f-11ec-b1ea-94bbbdaee87f,left,2021-11-30 09:07:24.286,,15efadfe,,host,2021-11-30 09:09:22.484
438,eebea830-51bc-11ec-adf7-dbdf35f24000,69881ffa-3e22-11ec-a810-ddc3ee85e7df,left,2021-11-30 09:09:09.928,,9c53a0f4,,guest,2021-11-30 09:11:50.294
439,e3c6f722-4210-11ec-a980-3f79ac4ebb8e,69881ffa-3e22-11ec-a810-ddc3ee85e7df,,2021-11-10 10:28:05.006,,e6f6efa6,,host,
440,9ba79f52-4d85-11ec-828f-91d86ae1f4cb,ee248f30-4bd5-11ec-9b73-dd21c2b4b8f3,left,2021-11-25 00:21:17.913,,691697a4,SortedSet([UUID('5e64bb62-4be0-11ec-aad5-eccb9bc4f187')]),host,2021-11-25 00:21:21.459
441,9ba79f52-4d85-11ec-828f-91d86ae1f4cb,5e64bb62-4be0-11ec-aad5-eccb9bc4f187,,2021-11-25 00:23:05.386,,68b7cc32,,guest,
442,56c1f3ea-3572-11ec-b19b-1a6c70deb5be,fcd85ac4-354c-11ec-8a67-a069389d8a76,left,2021-10-25 09:02:53.977,,298549d6,"SortedSet([UUID('1511e6ea-3238-11ec-baed-db9564ba7148'), UUID('3d918522-3313-11ec-8329-feef32fc5b19'), UUID('4b96e0f6-323f-11ec-b1ea-94bbbdaee87f')])",host,2021-10-25 09:03:40.872
443,9884aaee-51dc-11ec-9175-731e375b2c89,4b96e0f6-323f-11ec-b1ea-94bbbdaee87f,left,2021-11-30 12:54:03.519,,05199ccf,"SortedSet([UUID('87cc8630-51ba-11ec-8401-8a1eed32e025'), UUID('8faf58a8-51d0-11ec-afe6-e88efaccecbd')])",host,2021-11-30 12:54:32.095
444,9884aaee-51dc-11ec-9175-731e375b2c89,87cc8630-51ba-11ec-8401-8a1eed32e025,left,2021-11-30 12:56:41.516,,d81cf686,,guest,2021-11-30 13:00:39.353
445,9884aaee-51dc-11ec-9175-731e375b2c89,8faf58a8-51d0-11ec-afe6-e88efaccecbd,left,2021-11-30 12:55:41.553,,be52f88e,,guest,2021-11-30 13:00:39.334
446,a858e66a-51c3-11ec-b2ca-42a9559480a9,0b940da4-3fa4-11ec-ae44-e418f1ed08b7,left,2021-11-30 09:55:32.657,,b7516d37,,host,2021-11-30 11:41:55.277
447,34e9404a-5285-11ec-9baf-53c1ad55abb0,26a04a38-4367-11ec-af61-e464f5f6361c,left,2021-12-01 09:01:01.353,,616f6b1c,,host,2021-12-06 04:48:32.653
448,7a27a1f2-3e98-11ec-b162-669934ce5a0c,774f3b62-3e97-11ec-a752-999697ce82c9,left,2021-11-06 00:28:34.708,,f7d7fd19,,host,2021-11-06 00:46:27.023
449,d1d133f8-414c-11ec-8156-81218a6b578c,3d918522-3313-11ec-8329-feef32fc5b19,left,2021-11-09 11:17:54.590,,73487112,,guest,2021-11-09 11:33:54.345
450,d1d133f8-414c-11ec-8156-81218a6b578c,fcd85ac4-354c-11ec-8a67-a069389d8a76,left,2021-11-09 11:28:46.539,,6f3dbce5,,guest,2021-11-10 04:51:02.896
451,d1d133f8-414c-11ec-8156-81218a6b578c,07bb7218-3e1d-11ec-807f-e967a48dff68,left,2021-11-09 11:04:33.515,,f69f0553,"SortedSet([UUID('02067cf4-407b-11ec-97e9-a72123dd15f3'), UUID('3d918522-3313-11ec-8329-feef32fc5b19'), UUID('b3daa98e-41d2-11ec-b888-6013ed8304ff'), UUID('f5e3ff62-404a-11ec-9d8e-ae78fe1d0ad6'), UUID('fcd85ac4-354c-11ec-8a67-a069389d8a76')])",host,2021-11-09 11:04:35.436
452,d1d133f8-414c-11ec-8156-81218a6b578c,02067cf4-407b-11ec-97e9-a72123dd15f3,left,2021-11-09 11:05:16.751,,37d7f63f,,guest,2021-11-09 11:05:18.021
453,4bd2375c-3e8b-11ec-9f5d-269185fd6da4,086c0164-3e09-11ec-af1c-166bc3c05ee1,left,2021-11-05 22:54:13.514,,64042af5,"SortedSet([UUID('3a696060-3e8d-11ec-baff-f27d46aee000'), UUID('6bbda098-3e03-11ec-9fba-e1612ca28cf7')])",host,2021-11-05 22:54:17.411
454,793649b0-3709-11ec-9e3a-ca1d8b11d726,4b96e0f6-323f-11ec-b1ea-94bbbdaee87f,left,2021-10-27 10:14:44.307,,dd6712df,,guest,2021-10-27 10:15:53.726
455,b34e1752-4633-11ec-8d4e-c20fb6177f8f,26a04a38-4367-11ec-af61-e464f5f6361c,left,2021-11-15 16:47:20.720,,483bac35,,host,2021-11-15 16:48:14.846
456,b65595da-588d-11ec-b399-bd31af40e3f6,ee248f30-4bd5-11ec-9b73-dd21c2b4b8f3,left,2021-12-09 01:17:01.440,,0a8363f7,"SortedSet([UUID('2a62ccd0-4be7-11ec-927f-6becf3f7aa96'), UUID('5e64bb62-4be0-11ec-aad5-eccb9bc4f187')])",host,2021-12-09 01:17:10.224
457,b65595da-588d-11ec-b399-bd31af40e3f6,5e64bb62-4be0-11ec-aad5-eccb9bc4f187,left,2021-12-09 01:22:10.180,,0a34b158,,guest,2021-12-09 01:41:16.525
458,b65595da-588d-11ec-b399-bd31af40e3f6,2a62ccd0-4be7-11ec-927f-6becf3f7aa96,left,2021-12-09 01:23:45.005,,d69d256e,,guest,2021-12-09 01:41:26.858
459,4d4a4dba-4005-11ec-ba64-0ed1735cda86,69881ffa-3e22-11ec-a810-ddc3ee85e7df,left,2021-11-07 20:00:05.745,,55062462,,host,2021-11-07 20:00:08.222
460,6cd4077c-51e2-11ec-baa1-f3cb03061dca,26a04a38-4367-11ec-af61-e464f5f6361c,,2021-11-30 13:35:47.201,,e2188dd7,,host,
461,57c79e0c-4e04-11ec-8d7a-adf493d8e2b8,ee248f30-4bd5-11ec-9b73-dd21c2b4b8f3,left,2021-11-25 15:28:30.123,,e82dfb69,,host,2021-11-25 15:28:31.543
462,d3460c5a-56e5-11ec-8bf0-3b1f13e020dc,4207fabe-4191-11ec-a39e-becb1c27bf8c,left,2021-12-06 22:44:58.692,,c32c0075,,guest,2021-12-06 22:48:36.101
463,d3460c5a-56e5-11ec-8bf0-3b1f13e020dc,73e6789c-41ca-11ec-a8b6-a4c0148ad650,left,2021-12-06 22:42:43.378,,9b7742f6,,host,2021-12-06 22:45:56.790
464,e053737a-4627-11ec-88a1-4f42d99bf032,1f72bb52-4627-11ec-9b1b-66de6f72b2fe,left,2021-11-15 15:22:42.294,,29e6b0a6,,host,2021-11-15 15:22:51.964
465,116380d0-4629-11ec-a19a-f76798886816,1f72bb52-4627-11ec-9b1b-66de6f72b2fe,left,2021-11-15 15:31:14.106,,a6a40292,,host,2021-11-15 15:31:28.660
466,b044ed1e-412f-11ec-b2cc-5602e0374292,a3fcb9c8-3e1f-11ec-a777-75b999be7f89,,2021-11-09 09:19:27.314,,c53e5d9d,,guest,
467,b044ed1e-412f-11ec-b2cc-5602e0374292,4fb96794-3e24-11ec-8fa2-eaabe3d3895a,,2021-11-09 09:19:08.355,,9fcdcc8d,,guest,
468,b044ed1e-412f-11ec-b2cc-5602e0374292,6de0cc28-407f-11ec-983a-242accf03efa,,2021-11-09 09:19:12.374,,66915f0b,,guest,
469,f504b07e-51bf-11ec-8e4c-b86cb17f5b5b,4b96e0f6-323f-11ec-b1ea-94bbbdaee87f,left,2021-11-30 09:29:03.302,,de5e1e72,"SortedSet([UUID('69881ffa-3e22-11ec-a810-ddc3ee85e7df'), UUID('87cc8630-51ba-11ec-8401-8a1eed32e025')])",host,2021-11-30 09:29:22.951
470,f504b07e-51bf-11ec-8e4c-b86cb17f5b5b,69881ffa-3e22-11ec-a810-ddc3ee85e7df,left,2021-11-30 09:30:20.106,,1ac7df77,,guest,2021-11-30 11:13:44.089
471,f504b07e-51bf-11ec-8e4c-b86cb17f5b5b,87cc8630-51ba-11ec-8401-8a1eed32e025,left,2021-11-30 09:53:07.203,,5dbe2497,,guest,2021-11-30 10:54:44.423
472,4dbf7424-51cf-11ec-87b7-76e3e3fe5724,4b96e0f6-323f-11ec-b1ea-94bbbdaee87f,left,2021-11-30 11:18:54.617,,c45f1203,SortedSet([UUID('8faf58a8-51d0-11ec-afe6-e88efaccecbd')]),host,2021-11-30 11:19:01.471
473,4dbf7424-51cf-11ec-87b7-76e3e3fe5724,8faf58a8-51d0-11ec-afe6-e88efaccecbd,left,2021-11-30 11:29:04.875,,21f027f5,,guest,2021-11-30 11:32:30.652
474,f77b6884-4d82-11ec-8ca0-6cf8784a8f40,ee248f30-4bd5-11ec-9b73-dd21c2b4b8f3,left,2021-11-25 00:02:23.483,,729072ea,,host,2021-11-25 00:02:27.470
475,e2caed14-4081-11ec-bf90-a273009342b9,3d918522-3313-11ec-8329-feef32fc5b19,left,2021-11-08 10:51:54.159,,aa8699d6,,host,2021-11-08 10:52:02.671
476,06944470-4e5b-11ec-b3ec-595eb012c1e0,efcf0f12-4bef-11ec-9846-6562e6fb1b2a,left,2021-11-26 01:49:00.110,,da3363c5,,host,2021-11-26 01:50:56.910
477,504d4f58-4136-11ec-846e-72454a197368,d1677ee0-323d-11ec-bd52-c72d60dcf1c1,,2021-11-09 08:28:08.282,,8ec10cc8,,guest,
478,a40b0286-51c4-11ec-9675-0be5c215ee4b,e340d9c6-4364-11ec-a444-e734332dc01d,left,2021-11-30 10:02:34.931,,514da5cc,,host,2021-11-30 10:02:38.980
