,unique_key,task_type,time_mark
0,817a35fa370911ecb19b1a6c70deb5be,auto_playlist.maintain,2021-10-27 10:11:56.715
1,afcbc222406711ec958a269185fd6da4,auto_playlist.maintain,2021-11-08 09:24:35.281
2,78e90228521011ec8109019febcea62a,auto_party_ending.maintain,2021-11-30 19:05:33.069
3,545f92e8565011ecb375528885d94511,auto_playlist.maintain,2021-12-06 04:52:54.679
4,6cb3a61251e711ec8ea2830400a6af0c,auto_party_ending.maintain,2021-11-30 14:11:47.547
5,678ab94e4d7f11ecba2fc2804d2a32b1,auto_playlist.maintain,2021-11-24 23:38:58.647
6,3a6b214632cd11ecbed29a010fca4d91,auto_playlist.maintain,2021-10-22 09:07:17.325
7,db242570533d11ecbcb2c1ed7cc637c7,auto_party_ending.maintain,2021-12-03 02:57:40.671
8,9643e0d251dd11ec804e9aa5b3327e81,auto_playlist.maintain,2021-11-30 13:18:00.272
9,6ef1c22e4c4211ec9500c687132219c8,auto_playlist.maintain,2021-11-23 09:49:33.471
10,969cea4451d111ec86d52a414ec239b3,auto_playlist.maintain,2021-11-30 11:35:19.947
11,b5497852438c11ecba2fc2804d2a32b1,auto_playlist.maintain,2021-11-12 08:29:05.374
12,ce93f0d2328711ecbed29a010fca4d91,auto_playlist.maintain,2021-10-22 03:44:48.302
13,6dff5d884ef211ec9500c687132219c8,auto_playlist.maintain,2021-11-26 19:52:51.930
14,4a51dfa2412b11ec82068e42cef0701a,auto_playlist.maintain,2021-11-09 09:02:43.715
15,b2f87e46463311ec9a4bc687132219c8,auto_playlist.maintain,2021-11-15 16:48:14.864
16,f9a0d3dc4ca711ec9a8ed22bdb8453e3,auto_playlist.maintain,2021-11-26 19:23:40.721
17,3edb01c4411911ecac74aeab0b388fe3,auto_playlist.maintain,2021-11-09 04:55:28.469
18,811efcf8436611ec9500c687132219c8,auto_playlist.maintain,2021-11-12 03:13:30.502
19,37fdc3c63fa411ec9f5d269185fd6da4,auto_playlist.maintain,2021-11-07 08:31:07.935
20,57a9b5724e0411ec9500c687132219c8,auto_playlist.maintain,2021-11-25 15:28:31.572
21,b172f0b848bf11ec89a8d22bdb8453e3,auto_playlist.maintain,2021-11-18 22:34:44.607
22,8daf413232ed11ecbed29a010fca4d91,auto_playlist.maintain,2021-11-08 04:25:33.263
23,245f8a2051ce11ec8f2c0b7299b17238,auto_party_ending.maintain,2021-11-30 11:10:39.369
24,4dbf742451cf11ec87b776e3e3fe5724,auto_party_ending.maintain,2021-11-30 11:19:01.507
25,6b2160704b5f11ec9500c687132219c8,auto_playlist.maintain,2021-11-22 06:42:55.877
26,9a9e48de3e1e11ecb4ad0ac980024e64,auto_playlist.maintain,2021-11-08 03:12:23.244
27,450c6eac42f911ecacc99a58024cb2de,auto_playlist.maintain,2021-11-11 14:11:34.416
28,5810fd7c571911ec90b47a717ba63af1,auto_playlist.maintain,2021-12-07 04:51:35.731
29,a858e66a51c311ecb2ca42a9559480a9,auto_party_ending.maintain,2021-11-30 11:41:55.323
30,179818b2412e11ec90aafe217a6f2fb0,auto_playlist.maintain,2021-11-09 07:28:39.572
31,65d24bc2436511ec9a4bc687132219c8,auto_playlist.maintain,2021-11-12 03:05:40.575
32,516bc194528911ec92f677fd29f7d786,auto_party_ending.maintain,2021-12-01 09:30:30.965
33,4e78837e4d6a11ecacc99a58024cb2de,auto_playlist.maintain,2021-11-24 21:10:16.491
34,81c3265c56d011ec90b47a717ba63af1,auto_playlist.maintain,2021-12-06 20:10:20.435
35,78bce594521011eca01a9aa5b3327e81,auto_playlist.maintain,2021-11-30 19:05:33.044
36,cff5b46651cb11ec8c7d2a414ec239b3,auto_playlist.maintain,2021-11-30 10:54:50.972
37,8e6858b44be011ec89a8d22bdb8453e3,auto_playlist.maintain,2021-11-22 22:13:26.630
38,a5e7ed6e328c11ecb92a9a010fca4d91,auto_playlist.maintain,2021-10-21 16:45:54.449
39,9b2f5926370911ecb873eedd329acacc,auto_playlist.maintain,2021-10-27 10:06:54.817
40,cf1544f0325211ec99225adc50ad8e5b,auto_playlist.maintain,2021-10-21 09:41:33.467
41,58728204571911ecb1888ce570abd439,auto_party_ending.maintain,2021-12-07 04:51:35.759
42,8006e5da534011eca7ae8306d3cb8a68,auto_party_ending.maintain,2021-12-02 07:21:52.178
43,56305656379d11ecb19b1a6c70deb5be,auto_playlist.maintain,2021-11-01 09:19:43.186
44,6be931b24e3511ecba2fc2804d2a32b1,auto_playlist.maintain,2021-11-25 23:04:00.992
45,d1cbd6f0334211ec9e3aca1d8b11d726,auto_playlist.maintain,2021-10-22 14:18:26.219
46,f504b07e51bf11ec8e4cb86cb17f5b5b,auto_party_ending.maintain,2021-11-30 09:29:23.063
47,e21907764d8211ec89a8d22bdb8453e3,auto_playlist.maintain,2021-11-25 23:26:49.748
48,91e36b2e331611ecbed29a010fca4d91,auto_playlist.maintain,2021-10-27 08:46:09.922
49,da6486fc533d11ecbba442a91f77d458,auto_playlist.maintain,2021-12-03 02:57:40.600
50,b3790e7c51c711ec9cbc1fc8668928d6,auto_party_ending.maintain,2021-11-30 10:24:40.451
51,a8f053b64d8011ec89a8d22bdb8453e3,auto_playlist.maintain,2021-11-26 01:43:00.686
52,8956fb0c4f3011ecba2fc2804d2a32b1,auto_playlist.maintain,2021-11-27 03:17:27.870
53,0e5fcba2463611ecba2fc2804d2a32b1,auto_playlist.maintain,2021-11-15 17:05:29.615
54,fa89413c3d8711ecba1aaace27223b7f,auto_playlist.maintain,2021-11-05 11:51:44.609
55,cca069ce56e811ecbd5e1f4bef1e0b3a,auto_party_ending.maintain,2021-12-06 23:05:01.934
56,7045e222414311ec8e978e42cef0701a,auto_playlist.maintain,2021-11-09 10:09:42.862
57,44a0ac9c4e0411ecba2fc2804d2a32b1,auto_playlist.maintain,2021-11-25 15:37:33.187
58,b755bb7e51e711ec804e9aa5b3327e81,auto_playlist.maintain,2021-11-30 14:13:54.686
59,4b94fb883e0111ec8606ba3dd473f78a,auto_playlist.maintain,2021-11-10 04:44:09.383
60,e63e04a8463111ec9500c687132219c8,auto_playlist.maintain,2021-11-15 16:34:30.841
61,b5d6ddf8328611ec99925adc50ad8e5b,auto_playlist.maintain,2021-10-21 15:52:46.703
62,9fd4f17a356f11ecb873eedd329acacc,auto_playlist.maintain,2021-10-25 08:45:16.976
63,2799b9aa406b11ecaa510ed1735cda86,auto_playlist.maintain,2021-11-08 08:10:09.435
64,d33607ee4ca711ec9a4bc687132219c8,auto_playlist.maintain,2021-11-23 21:54:05.117
65,e273778c408111ecaa510ed1735cda86,auto_playlist.maintain,2021-11-08 10:52:02.688
66,23a8ceb43af611ecb28fde83cac4f836,auto_playlist.maintain,2021-11-01 09:29:18.960
67,7b00fa784d8f11ecacc99a58024cb2de,auto_playlist.maintain,2021-11-25 01:32:05.933
68,d75c5828483d11ec8a48c2804d2a32b1,auto_playlist.maintain,2021-11-18 07:05:36.806
69,eebea83051bc11ecadf7dbdf35f24000,auto_party_ending.maintain,2021-11-30 09:09:22.875
70,33900b183bae11ecb32b7ad4ba4e9e08,auto_playlist.maintain,2021-11-02 07:26:57.053
71,b60b389e49c111ec9500c687132219c8,auto_playlist.maintain,2021-11-20 05:22:23.838
72,dff48d74462711ec9500c687132219c8,auto_playlist.maintain,2021-11-15 15:22:51.990
73,33cb6860436611ecba2fc2804d2a32b1,auto_playlist.maintain,2021-11-12 03:16:38.021
74,6f29b7484eee11ec9a8ed22bdb8453e3,auto_playlist.maintain,2021-11-27 03:16:58.385
75,a7f8e68451c311eca01a9aa5b3327e81,auto_playlist.maintain,2021-11-30 11:41:55.299
76,2a357820409811ec9c34ce86246e7cee,auto_playlist.maintain,2021-11-08 13:31:41.432
77,c222dba43aef11eca3e43e81c36b4b01,auto_playlist.maintain,2021-11-01 08:43:23.388
78,1a08808a325d11ecb92a9a010fca4d91,auto_playlist.maintain,2021-10-27 09:16:35.686
79,0257bb4451bc11ecbba442a91f77d458,auto_playlist.maintain,2021-11-30 09:02:08.360
80,293e7fc451d311eca4e4763255860bc4,auto_party_ending.maintain,2021-11-30 11:47:58.749
81,bb5ed836331a11ecbed29a010fca4d91,auto_playlist.maintain,2021-11-05 02:56:50.981
82,cfda8e2c370711ec9e3aca1d8b11d726,auto_playlist.maintain,2021-10-27 10:27:57.240
83,0088456e436511ecba2fc2804d2a32b1,auto_playlist.maintain,2021-11-30 14:22:52.033
84,9884aaee51dc11ec9175731e375b2c89,auto_party_ending.maintain,2021-11-30 12:54:32.132
85,af056ea63c8e11ecb28fde83cac4f836,auto_playlist.maintain,2021-11-03 10:22:23.282
86,c49f265c51e311eca5a44d01cded3ba0,auto_party_ending.maintain,2021-12-06 04:51:00.334
87,b1fab23051c711eca01a9aa5b3327e81,auto_playlist.maintain,2021-11-30 10:24:40.432
88,4cd75f94400511ec958a269185fd6da4,auto_playlist.maintain,2021-11-07 20:00:08.252
89,ae0369e8570c11ecbd7e22e011e62b02,auto_party_ending.maintain,2021-12-07 03:21:55.282
90,471a98f251e711ecbba442a91f77d458,auto_playlist.maintain,2021-12-01 09:12:54.867
91,d2adcbf04cbf11ecacc99a58024cb2de,auto_playlist.maintain,2021-11-24 01:13:07.687
92,83fa5b40408511ecba640ed1735cda86,auto_playlist.maintain,2021-11-08 11:17:55.162
93,57246552407111ecba640ed1735cda86,auto_playlist.maintain,2021-11-30 08:51:48.563
94,3d85bd884ef111ec9a8ed22bdb8453e3,auto_playlist.maintain,2021-11-26 19:44:30.158
95,1a6a4c54406b11ecaa510ed1735cda86,auto_playlist.maintain,2021-11-09 03:41:49.178
96,a37dc9ae4c4511ecbce442d6c5ddda1a,auto_party_ending.maintain,2021-12-06 04:39:21.526
97,a1f34e98405011ecb162669934ce5a0c,auto_playlist.maintain,2021-11-08 04:59:22.825
98,9a870a8441e311ec9500c687132219c8,auto_playlist.maintain,2021-11-10 05:03:59.334
99,bd2116f2370711ecb873eedd329acacc,auto_playlist.maintain,2021-10-27 10:35:20.617
100,cfa23908370911ec8f3dca1d8b11d726,auto_playlist.maintain,2021-10-27 09:41:19.065
101,ebc27c7a56ca11ecaaff7bb189f8a79b,auto_party_ending.maintain,2021-12-07 04:07:55.933
102,13ef7dee53e511eca1d2c7f5c89d792a,auto_party_ending.maintain,2021-12-03 03:00:23.105
103,792e44e4415a11ec89a8d22bdb8453e3,auto_playlist.maintain,2021-11-09 13:34:40.048
104,7ca0f6184d6111ecacc99a58024cb2de,auto_playlist.maintain,2021-11-24 20:03:01.646
105,2072f8b6414811ecacc99a58024cb2de,auto_playlist.maintain,2021-11-09 10:31:01.007
106,fe7cfa823e1c11ec8b2126857fb5220e,auto_playlist.maintain,2021-11-08 07:32:50.710
107,6c0f01fc51e711eca5d142a91f77d458,auto_playlist.maintain,2021-11-30 14:11:47.529
108,59973a46361011ec9671eedd329acacc,auto_playlist.maintain,2021-10-26 09:34:05.760
109,62b158a04c9a11ecba2fc2804d2a32b1,auto_playlist.maintain,2021-11-23 20:45:47.237
110,38bafe204ef211ecacc99a58024cb2de,auto_playlist.maintain,2021-11-27 18:33:12.950
111,b762ecac370911ec9671eedd329acacc,auto_playlist.maintain,2021-10-27 09:54:46.049
112,6255a1463d8511ecb16ede83cac4f836,auto_playlist.maintain,2021-11-04 15:39:28.963
113,27b81d90404911ecb162669934ce5a0c,auto_playlist.maintain,2021-11-08 04:05:52.903
114,18c24300421111ecacc99a58024cb2de,auto_playlist.maintain,2021-11-12 00:14:02.665
115,ea477d1c4bdc11ecacc99a58024cb2de,auto_playlist.maintain,2021-11-22 21:51:25.339
116,981311cc51dc11ec8d1086e2d68480b1,auto_playlist.maintain,2021-11-30 12:54:32.113
117,b7d7fd0e415311ecba2fc2804d2a32b1,auto_playlist.maintain,2021-11-09 11:54:23.937
118,04e1bc2a51d011ec8c7d2a414ec239b3,auto_playlist.maintain,2021-11-30 11:24:22.290
119,f41736a44c9311ec89a8d22bdb8453e3,auto_playlist.maintain,2021-11-23 20:29:06.124
120,181cb6bc463311ecba2fc2804d2a32b1,auto_playlist.maintain,2021-11-15 16:43:03.434
121,21843f48325d11ec99925adc50ad8e5b,auto_playlist.maintain,2021-10-27 09:15:21.417
122,0fe4c69851db11eca01a9aa5b3327e81,auto_playlist.maintain,2021-11-30 12:52:04.670
123,f5d2a34e408511ec9239269185fd6da4,auto_playlist.maintain,2021-11-08 11:21:07.387
124,413f9dc84c4311ec89a8d22bdb8453e3,auto_playlist.maintain,2021-12-06 10:51:54.687
125,8651f8924bfe11ecacc99a58024cb2de,auto_playlist.maintain,2021-11-23 03:00:49.960
126,29dd094851db11ecb90986e2d68480b1,auto_playlist.maintain,2021-11-30 12:44:07.679
127,f12929b43e1c11ec8b2126857fb5220e,auto_playlist.maintain,2021-11-05 17:00:34.279
128,2a40820251db11ec9b00f97ae858c175,auto_party_ending.maintain,2021-11-30 12:44:07.697
129,797a98e6325811ec99225adc50ad8e5b,auto_playlist.maintain,2021-10-21 10:51:48.948
130,0357264c51bc11ec89e45d71c3a5b20b,auto_party_ending.maintain,2021-11-30 09:02:08.378
131,4dbfd336524411ec855b8a40bfb91925,auto_party_ending.maintain,2021-12-01 01:16:35.404
132,e03dc86c463211ec8a48c2804d2a32b1,auto_playlist.maintain,2021-11-15 16:41:29.502
133,b8b744ac414711ec9500c687132219c8,auto_playlist.maintain,2021-11-09 10:33:24.680
134,38673c1e411d11ecb9b4d27cb1cd803d,auto_playlist.maintain,2021-11-09 10:41:17.452
135,cef728d0325711ecbed29a010fca4d91,auto_playlist.maintain,2021-10-21 10:16:44.744
136,2aa0b0444e5e11eca0b59a58024cb2de,auto_playlist.maintain,2021-11-26 02:11:40.779
137,10fcf54a462911ec9500c687132219c8,auto_playlist.maintain,2021-11-15 15:31:28.676
138,9206e4543de411ecb701923daff03881,auto_playlist.maintain,2021-11-05 03:00:55.726
139,cc63f09856e811ec90b47a717ba63af1,auto_playlist.maintain,2021-12-06 23:05:01.908
140,470bb07e4d6b11ec9500c687132219c8,auto_playlist.maintain,2021-11-24 21:34:08.669
141,f7b0895a50b211ec89a8d22bdb8453e3,auto_playlist.maintain,2021-11-29 01:23:35.288
142,036cbae4421111ec869bf9287ca91167,auto_party_ending.maintain,2021-11-30 08:08:38.025
143,550446ca4f3011ecacc99a58024cb2de,auto_playlist.maintain,2021-11-27 03:16:48.292
144,5d49a606462811eca0b59a58024cb2de,auto_playlist.maintain,2021-11-15 15:27:21.316
145,13007620530611eca01a9aa5b3327e81,auto_playlist.maintain,2021-12-02 00:23:33.642
146,5bbc3d9c56ba11eca65c8623fa20d930,auto_party_ending.maintain,2021-12-06 17:31:44.717
147,11e94150325d11ecbed29a010fca4d91,auto_playlist.maintain,2021-10-27 10:40:43.690
148,2cbbd146325d11ecbed29a010fca4d91,auto_playlist.maintain,2021-10-27 09:14:54.486
149,60293bfa49c211ec89a8d22bdb8453e3,auto_playlist.maintain,2021-11-30 05:27:15.341
150,c36d37503e8e11ecb162669934ce5a0c,auto_playlist.maintain,2021-11-05 23:22:25.786
151,c2b31858463511ec9a4bc687132219c8,auto_playlist.maintain,2021-11-15 17:02:08.358
152,4b5800363e8b11ecb162669934ce5a0c,auto_playlist.maintain,2021-11-05 22:54:17.436
153,92bf46b23bb811ecae4b3e81c36b4b01,auto_playlist.maintain,2021-11-02 08:41:32.482
154,2393f75c51ce11ecbba442a91f77d458,auto_playlist.maintain,2021-11-30 11:10:39.352
155,6f845660410d11ecac74aeab0b388fe3,auto_playlist.maintain,2021-11-09 04:43:29.066
156,b0b87bb4325511ec99925adc50ad8e5b,auto_playlist.maintain,2021-10-21 10:04:37.687
157,df1ed4543d8511ecb16ede83cac4f836,auto_playlist.maintain,2021-11-04 15:44:24.667
158,51b338584d6111ec89a8d22bdb8453e3,auto_playlist.maintain,2021-11-24 20:01:58.215
159,adf6585a4d8b11eca0b59a58024cb2de,auto_playlist.maintain,2021-11-25 01:05:14.932
160,971f5e6651d111ec841f80bbb33132dc,auto_party_ending.maintain,2021-11-30 11:35:19.969
161,3d08e8484cb811ecba2fc2804d2a32b1,auto_playlist.maintain,2021-11-24 00:17:52.611
162,090e66e2439b11ec9a4bc687132219c8,auto_playlist.maintain,2021-11-12 09:29:32.711
163,b4ce425a4bf111ec9500c687132219c8,auto_playlist.maintain,2021-11-23 00:55:11.553
164,f022ac7c440011ec89a8d22bdb8453e3,auto_playlist.maintain,2021-11-12 21:40:01.136
165,73b339a2404211ecba640ed1735cda86,auto_playlist.maintain,2021-11-08 03:24:53.655
166,5b887ae856ba11ecb375528885d94511,auto_playlist.maintain,2021-12-06 17:31:44.694
167,b6cd5cbe51bc11ecae8d2880d63e8296,auto_party_ending.maintain,2021-11-30 09:06:58.061
168,eb77fc9a56ca11ec97d67a717ba63af1,auto_playlist.maintain,2021-12-07 04:07:55.898
169,799154403e9811ecaa510ed1735cda86,auto_playlist.maintain,2021-11-06 00:46:27.054
170,f4575d5251bf11ec86d52a414ec239b3,auto_playlist.maintain,2021-11-30 09:29:23.041
171,c0454ea6412111eca0c3a2d2fca43ce9,auto_playlist.maintain,2021-11-09 06:02:33.879
172,60f29e24354e11ec9e3aca1d8b11d726,auto_playlist.maintain,2021-10-25 04:45:57.936
173,0285be30407911ecb162669934ce5a0c,auto_playlist.maintain,2021-11-08 09:51:23.436
174,bb8cbc42525511ec8d1086e2d68480b1,auto_playlist.maintain,2021-12-01 03:21:16.149
175,81ec655856d011ecb38e1d9a1dd1bfdd,auto_party_ending.maintain,2021-12-06 20:10:20.462
176,dcef8e46371111ec9d8e1a6c70deb5be,auto_playlist.maintain,2021-10-27 10:37:47.239
177,e80aab544bfb11ecacc99a58024cb2de,auto_playlist.maintain,2021-11-23 02:02:25.999
178,4c5a289c4e4411ec9500c687132219c8,auto_playlist.maintain,2021-11-25 23:06:33.045
179,168f318e325711ec99925adc50ad8e5b,auto_playlist.maintain,2021-10-21 10:10:59.715
180,ae5fbc143e0911eca5b29ecc81379b17,auto_playlist.maintain,2021-11-05 07:26:27.337
181,2c5d178c328f11ec99925adc50ad8e5b,auto_playlist.maintain,2021-11-10 02:57:05.591
182,6de9ead83e2c11ec958a269185fd6da4,auto_playlist.maintain,2021-11-05 11:45:25.921
183,856731f0410d11ec9590d27cb1cd803d,auto_playlist.maintain,2021-11-09 03:31:36.017
184,da3854fe331911ecbed29a010fca4d91,auto_playlist.maintain,2021-11-11 23:25:09.407
185,9078111651bd11ec94a619c8d65d67cf,auto_party_ending.maintain,2021-11-30 09:49:04.472
186,808acee2414b11ec9a8ed22bdb8453e3,auto_playlist.maintain,2021-11-09 10:55:11.846
187,3fd07b14413611ecbc8b72d54f8be4d6,auto_playlist.maintain,2021-11-09 08:23:02.591
188,25d443ec3aee11ecb16ede83cac4f836,auto_playlist.maintain,2021-11-01 08:31:54.621
189,f5a96484370711ec8f3dca1d8b11d726,auto_playlist.maintain,2021-10-27 10:19:43.127
190,2ab9c7c8407b11ecb162669934ce5a0c,auto_playlist.maintain,2021-11-08 10:12:51.562
191,94e3e502437d11eca0b59a58024cb2de,auto_playlist.maintain,2021-11-12 05:58:47.078
192,8358c44a3d8511eca3e43e81c36b4b01,auto_playlist.maintain,2021-11-04 15:40:22.917
193,ccdf32fa4c4611ec9500c687132219c8,auto_playlist.maintain,2021-11-23 10:21:14.443
194,d827f7b6533311ecbba442a91f77d458,auto_playlist.maintain,2021-12-02 05:51:17.808
195,bc1e82cc462911ecba2fc2804d2a32b1,auto_playlist.maintain,2021-11-15 15:36:31.237
196,01b73ee4404611ec944da273009342b9,auto_playlist.maintain,2021-11-08 03:53:24.748
197,6ab63438534011ec90b47a717ba63af1,auto_playlist.maintain,2021-12-02 07:21:14.938
198,bca734ae525511ecaa23766eda6fed53,auto_party_ending.maintain,2021-12-01 03:21:16.169
199,64de8556404911ec958a269185fd6da4,auto_playlist.maintain,2021-11-08 04:07:46.018
200,b8273d3e51e711ec978951fac920adc3,auto_party_ending.maintain,2021-11-30 14:13:54.714
201,3e0d3fb8330f11ec8c4a9a010fca4d91,auto_playlist.maintain,2021-10-27 09:09:12.743
202,c4313e6c51e311ec8c7d2a414ec239b3,auto_playlist.maintain,2021-12-06 04:51:00.307
203,878ea3f2411011ecb9b4d27cb1cd803d,auto_playlist.maintain,2021-11-10 04:27:08.962
204,79b9bce43bac11ecb9eeaace27223b7f,auto_playlist.maintain,2021-11-02 07:14:41.714
205,7ec84650534011ecacf09e680d492751,auto_playlist.maintain,2021-12-02 07:21:52.160
206,c6c5784c404911ecb162669934ce5a0c,auto_playlist.maintain,2021-11-08 17:05:45.348
207,89c7e87e370911ecb873eedd329acacc,auto_playlist.maintain,2021-10-27 10:09:43.360
208,06427e884e5b11ecba2fc2804d2a32b1,auto_playlist.maintain,2021-11-26 01:50:56.935
209,5cadcd88414311ec9af0fe217a6f2fb0,auto_playlist.maintain,2021-11-09 09:56:55.085
210,01365834436511ec98b4fb43eead1ea3,auto_party_ending.maintain,2021-11-30 14:22:52.058
211,104928f451db11ec99fe45bb16661bcf,auto_party_ending.maintain,2021-11-30 12:52:04.687
212,5a4c996a404511ec9f5d269185fd6da4,auto_playlist.maintain,2021-11-08 03:38:39.867
213,e23d075651e311ec8d1086e2d68480b1,auto_playlist.maintain,2021-11-30 13:50:58.600
214,363e80123bc011ecb28fde83cac4f836,auto_playlist.maintain,2021-11-02 09:38:56.106
215,63b7ede04d8a11ec9a8ed22bdb8453e3,auto_playlist.maintain,2021-11-25 00:55:44.218
216,07081bae3e1e11eca5b29ecc81379b17,auto_playlist.maintain,2021-11-05 10:35:38.621
217,b0851f76357a11ecb873eedd329acacc,auto_playlist.maintain,2021-10-25 10:04:05.062
218,057ba6f051d011ecbd49be416988cc2b,auto_party_ending.maintain,2021-11-30 11:24:22.309
219,6a82953a4c4511ec9500c687132219c8,auto_playlist.maintain,2021-11-23 10:09:22.472
220,b80ad762407a11ecba640ed1735cda86,auto_playlist.maintain,2021-11-08 14:09:25.874
221,b4bef58c56e311ecb375528885d94511,auto_playlist.maintain,2021-12-06 22:31:50.932
222,a322c14c51c411ecb90986e2d68480b1,auto_playlist.maintain,2021-11-30 10:02:38.998
223,a89e6e0451bb11ecbdb843d804d0fe22,auto_party_ending.maintain,2021-11-30 08:58:22.604
224,08ebd24c4ca811eca0b59a58024cb2de,auto_playlist.maintain,2021-11-23 22:08:57.631
225,a30092904c4511ecba2fc2804d2a32b1,auto_playlist.maintain,2021-12-06 04:39:21.500
226,d585677c4c4511ec9dc01ce7fef65f60,auto_party_ending.maintain,2021-12-06 04:37:22.060
227,929b2ca2411a11ec9c34ce86246e7cee,auto_playlist.maintain,2021-11-09 07:40:27.854
228,e987af323e1c11ec8b2126857fb5220e,auto_playlist.maintain,2021-11-09 11:16:23.320
229,a3ae51ce405f11ecba640ed1735cda86,auto_playlist.maintain,2021-11-08 06:46:51.877
230,1aaed082404211ecad47a273009342b9,auto_playlist.maintain,2021-11-08 03:41:57.312
231,01901de2370811ecb19b1a6c70deb5be,auto_playlist.maintain,2021-10-27 09:26:50.395
232,e49f186e429c11ecba2fc2804d2a32b1,auto_playlist.maintain,2021-11-11 03:10:21.150
233,165f99ae408211ecb162669934ce5a0c,auto_playlist.maintain,2021-11-08 11:29:01.915
234,77ae0a94328e11ecb92a9a010fca4d91,auto_playlist.maintain,2021-10-21 16:46:53.868
235,56e849e8409c11ec9d13ce86246e7cee,auto_playlist.maintain,2021-11-08 14:01:19.660
236,f74f1a404d8211ecbd2ed22bdb8453e3,auto_playlist.maintain,2021-11-25 00:02:27.492
237,cd4324fc4e5f11ec9500c687132219c8,auto_playlist.maintain,2021-11-26 02:23:14.752
238,eed82de03e1211ecb4ad0ac980024e64,auto_playlist.maintain,2021-11-07 07:14:20.595
239,54d19d7a565011ec90f8fa395611c49b,auto_party_ending.maintain,2021-12-06 04:52:54.700
240,251184663d8b11ecbcd57ad4ba4e9e08,auto_playlist.maintain,2021-11-04 16:45:24.081
241,477c37a651e711ec89b610c0093ca941,auto_party_ending.maintain,2021-12-01 09:12:54.888
242,6a322ba04bf411ecacc99a58024cb2de,auto_playlist.maintain,2021-11-23 01:17:47.642
243,9704309451dd11ec96f11994d9eb2ae1,auto_party_ending.maintain,2021-11-30 13:01:40.033
244,d861d832533311ecabecc41f982a5605,auto_party_ending.maintain,2021-12-02 05:51:17.831
245,4536632c407b11ecad47a273009342b9,auto_playlist.maintain,2021-11-09 10:40:45.252
246,579ab14e407111ecad47a273009342b9,auto_party_ending.maintain,2021-11-30 08:51:48.585
247,e33c2e644cf911ecacc99a58024cb2de,auto_playlist.maintain,2021-12-06 10:51:35.206
248,1a17f3ce4d7b11ecba2fc2804d2a32b1,auto_playlist.maintain,2021-11-24 23:06:18.480
249,ada4c0dc570c11ecb375528885d94511,auto_playlist.maintain,2021-12-07 03:21:55.259
250,4d4644a051cf11eca01a9aa5b3327e81,auto_playlist.maintain,2021-11-30 11:19:01.488
251,d3013bde56e511ec90b47a717ba63af1,auto_playlist.maintain,2021-12-06 22:45:57.244
252,a20a64d64c3d11ecba2fc2804d2a32b1,auto_playlist.maintain,2021-11-23 09:16:56.116
253,4a00eff4436811ecacc99a58024cb2de,auto_playlist.maintain,2021-11-12 04:00:19.843
254,2d947bfc463211ec8a48c2804d2a32b1,auto_playlist.maintain,2021-11-15 16:36:30.263
255,3ab77c64413011ec82068e42cef0701a,auto_playlist.maintain,2021-11-09 07:40:13.189
256,6bbe432a534011eca393df0807a6f675,auto_party_ending.maintain,2021-12-02 07:21:14.972
257,b4ea26ee56e311ec8642221ac2eff0d9,auto_party_ending.maintain,2021-12-06 22:31:50.969
258,a773e55451bb11eca01a9aa5b3327e81,auto_playlist.maintain,2021-11-30 08:58:22.581
259,b15abcb8370911ecb873eedd329acacc,auto_playlist.maintain,2021-10-27 10:05:06.516
260,a789f29a4cb611ec89a8d22bdb8453e3,auto_playlist.maintain,2021-11-23 23:40:42.270
261,d25fbc4c4cbc11ec9500c687132219c8,auto_playlist.maintain,2021-11-24 00:27:33.664
262,ede9c94e51bc11ec8c7d2a414ec239b3,auto_playlist.maintain,2021-11-30 09:09:22.854
263,3a1d9a2c4efa11ec9a4bc687132219c8,auto_playlist.maintain,2021-11-26 23:13:08.927
264,1b072ace3e1811eca88f6e7b990e60c1,auto_playlist.maintain,2021-11-05 09:09:49.489
265,1add67484e5311ec89a8d22bdb8453e3,auto_playlist.maintain,2021-11-26 00:52:20.381
266,dab32f7a370711ec9e3aca1d8b11d726,auto_playlist.maintain,2021-10-27 10:25:09.942
267,42a1851c325511ecbed29a010fca4d91,auto_playlist.maintain,2021-10-21 14:14:03.430
268,d1707dec414c11ec9a4bc687132219c8,auto_playlist.maintain,2021-11-09 11:19:01.680
269,3d60e2b84eee11ecacc99a58024cb2de,auto_playlist.maintain,2021-11-26 19:22:52.037
270,3ad2516e436611ecacc99a58024cb2de,auto_playlist.maintain,2021-11-12 03:14:42.991
271,5d96089c3e2c11ecad47a273009342b9,auto_playlist.maintain,2021-11-05 11:34:56.224
272,922c58a6370911ec9e3aca1d8b11d726,auto_playlist.maintain,2021-10-27 09:38:02.874
273,bd4c79a6408411ecbf90a273009342b9,auto_playlist.maintain,2021-11-08 11:12:23.693
274,8e88f92c404911ecba640ed1735cda86,auto_playlist.maintain,2021-11-08 04:08:48.101
275,f7f55294528611eca62ac9844ca38e73,auto_party_ending.maintain,2021-12-01 09:13:40.326
276,28dd815651d311ecbba442a91f77d458,auto_playlist.maintain,2021-11-30 11:47:58.731
277,262fef5c484111ec9500c687132219c8,auto_playlist.maintain,2021-11-18 07:50:53.685
278,776903ba4beb11ec9500c687132219c8,auto_playlist.maintain,2021-11-22 23:25:33.539
279,1f114138328b11ec99925adc50ad8e5b,auto_playlist.maintain,2021-10-21 16:22:55.711
280,1347b92c530611ec8a2ed4f347318731,auto_party_ending.maintain,2021-12-02 00:23:33.665
281,2fbfdf62331211ec99925adc50ad8e5b,auto_playlist.maintain,2021-10-22 08:54:44.054
282,7e8f517e3bb211ecae4b3e81c36b4b01,auto_playlist.maintain,2021-11-04 15:31:24.403
283,d51767ae4c4511ec9a4bc687132219c8,auto_playlist.maintain,2021-12-06 04:37:22.033
284,d617cdfe333d11ecb873eedd329acacc,auto_playlist.maintain,2021-10-22 13:59:18.524
285,620963d8411011ecb9b4d27cb1cd803d,auto_playlist.maintain,2021-11-09 03:52:11.446
286,8d0d882e328e11ecbed29a010fca4d91,auto_playlist.maintain,2021-10-21 16:47:46.888
287,7f0db2924d8411ecba2fc2804d2a32b1,auto_playlist.maintain,2021-11-25 00:13:22.830
288,35e311583ea611ec80c3669934ce5a0c,auto_playlist.maintain,2021-11-06 02:07:29.123
289,52f36528463411ec89a8d22bdb8453e3,auto_playlist.maintain,2021-11-15 16:52:31.860
290,4fceb4c2413611ec902ffe217a6f2fb0,auto_playlist.maintain,2021-11-09 08:40:52.580
291,8a6d89603ece11ecaa510ed1735cda86,auto_playlist.maintain,2021-11-08 15:51:36.370
292,e70922c0328e11ec99925adc50ad8e5b,auto_playlist.maintain,2021-10-21 16:50:45.577
293,e13b9df2410f11ec9c34ce86246e7cee,auto_playlist.maintain,2021-11-09 03:48:38.698
294,348fbcaa528511eca01a9aa5b3327e81,auto_playlist.maintain,2021-12-06 04:48:32.676
295,860a88b6483b11ec9a4bc687132219c8,auto_playlist.maintain,2021-11-20 05:19:57.083
296,ef757e9451cf11ec965c87b1764a26be,auto_party_ending.maintain,2021-11-30 11:23:33.152
297,902bdc18412f11ec82068e42cef0701a,auto_playlist.maintain,2021-11-09 07:35:11.889
298,c3dd215a3e1111eca6530ac980024e64,auto_playlist.maintain,2021-11-05 08:30:13.227
299,bed902544be611eca0b59a58024cb2de,auto_playlist.maintain,2021-11-22 22:52:37.878
300,e29efcc6331711ec99925adc50ad8e5b,auto_playlist.maintain,2021-10-22 09:10:44.917
301,f79dee3c528611ecb90986e2d68480b1,auto_playlist.maintain,2021-12-01 09:13:40.307
302,78d2401e370911ec8f3dca1d8b11d726,auto_playlist.maintain,2021-10-27 10:14:35.739
303,02d8cdca421111ec9500c687132219c8,auto_playlist.maintain,2021-11-30 08:08:37.994
304,1ff759fa3e1d11ec8b2126857fb5220e,auto_playlist.maintain,2021-11-05 16:30:56.118
305,37ad9b044be711ec89a8d22bdb8453e3,auto_playlist.maintain,2021-11-22 22:55:43.620
306,aaf4424e356611ec9d8e1a6c70deb5be,auto_playlist.maintain,2021-10-25 07:56:00.167
307,3baf372e325d11ec99225adc50ad8e5b,auto_playlist.maintain,2021-10-21 15:49:54.648
308,34e9404a528511ec9baf53c1ad55abb0,auto_party_ending.maintain,2021-12-06 04:48:32.695
309,047a4ea8324c11ecbed29a010fca4d91,auto_playlist.maintain,2021-10-21 09:30:20.207
310,6c14a8224bee11ecacc99a58024cb2de,auto_playlist.maintain,2021-11-22 23:47:15.136
311,a40b028651c411ec96750be5c215ee4b,auto_party_ending.maintain,2021-11-30 10:02:39.017
312,e320f47051e311eca13c62647523b223,auto_party_ending.maintain,2021-11-30 13:50:58.618
313,d0aaf62851cb11ec871a52c630d4dc6c,auto_party_ending.maintain,2021-11-30 10:54:50.996
314,dbf55e8a325211ec99925adc50ad8e5b,auto_playlist.maintain,2021-11-11 09:20:14.449
315,5f5c3ab84d7f11ecba2fc2804d2a32b1,auto_playlist.maintain,2021-11-24 23:39:59.609
316,e42e46de531811ec804e9aa5b3327e81,auto_playlist.maintain,2021-12-02 02:39:17.893
317,50fb0210528911ecb90986e2d68480b1,auto_playlist.maintain,2021-12-01 09:30:30.943
318,30f6330e360f11ec9e3aca1d8b11d726,auto_playlist.maintain,2021-10-27 08:39:05.438
319,c6226c4c370711ecb873eedd329acacc,auto_playlist.maintain,2021-10-27 10:29:27.339
320,bd9f079a357911ec9e3aca1d8b11d726,auto_playlist.maintain,2021-10-25 09:58:00.609
321,e466a9f2531811eca8a28daeb074a1ae,auto_party_ending.maintain,2021-12-02 02:38:44.255
322,0be389763d8b11ecb9eeaace27223b7f,auto_playlist.maintain,2021-11-04 16:20:04.692
323,c0b6bc7a370911ec9e3aca1d8b11d726,auto_playlist.maintain,2021-10-27 09:46:28.393
324,606feb0643a311ecba2fc2804d2a32b1,auto_playlist.maintain,2021-11-12 10:31:24.349
325,d3460c5a56e511ec8bf03b1f13e020dc,auto_party_ending.maintain,2021-12-06 22:45:57.268
326,e3a47e9c4cf911ecb028801f44dbdd3f,auto_party_ending.maintain,2021-12-06 10:51:35.229
327,254e96aa325311ecbed29a010fca4d91,auto_playlist.maintain,2021-10-21 10:03:26.019
328,7df17cdc4bdf11ecba2fc2804d2a32b1,auto_playlist.maintain,2021-11-22 22:39:51.855
329,b6b92c30429911ec8a48c2804d2a32b1,auto_playlist.maintain,2021-11-11 02:47:34.616
330,1e5eedc24d7e11ecb2699a58024cb2de,auto_playlist.maintain,2021-11-24 23:27:45.270
331,7b4037fa3e1811eca5b29ecc81379b17,auto_playlist.maintain,2021-11-08 03:43:32.528
332,45102506436711ec89a8d22bdb8453e3,auto_playlist.maintain,2021-11-12 03:19:29.534
333,fb4c6d4e404111ec944da273009342b9,auto_playlist.maintain,2021-11-08 08:37:15.720
334,d3600da0404511ecb162669934ce5a0c,auto_playlist.maintain,2021-11-08 09:06:43.337
335,4843b010406211ec80c3669934ce5a0c,auto_playlist.maintain,2021-11-08 09:40:05.874
336,3db7b8e441f711ec9a4bc687132219c8,auto_playlist.maintain,2021-11-10 07:24:32.478
337,a122c36e410d11ecac74aeab0b388fe3,auto_playlist.maintain,2021-11-10 04:28:56.105
338,4d7d08bc524411ecbba442a91f77d458,auto_playlist.maintain,2021-12-01 01:16:35.378
339,6226afea32d011ec99925adc50ad8e5b,auto_playlist.maintain,2021-11-02 08:30:50.234
340,0a1460363e1a11ecaf0626857fb5220e,auto_playlist.maintain,2021-11-05 09:23:47.668
341,3f49179e3e1811eca6530ac980024e64,auto_playlist.maintain,2021-11-05 09:10:45.536
342,80b26674371311ec9e3aca1d8b11d726,auto_playlist.maintain,2021-10-27 10:50:56.620
343,5661a314357211ecb873eedd329acacc,auto_playlist.maintain,2021-10-25 09:03:40.889
344,c9e280a4370911ecb873eedd329acacc,auto_playlist.maintain,2021-10-27 09:45:04.394
345,ef14a00651cf11ecbba442a91f77d458,auto_playlist.maintain,2021-11-30 11:23:33.134
346,13c3223a53e511ecb375528885d94511,auto_playlist.maintain,2021-12-03 03:00:23.081
347,d73a19aa354d11ec9d8e1a6c70deb5be,auto_playlist.maintain,2021-10-25 04:45:42.154
348,b5f186e451bc11ec86d52a414ec239b3,auto_playlist.maintain,2021-11-30 09:06:58.040
349,9001d4c451bd11eca01a9aa5b3327e81,auto_playlist.maintain,2021-11-30 09:49:04.453
350,7d2195ae4c9211ecba2fc2804d2a32b1,auto_playlist.maintain,2021-11-23 19:21:30.816
351,eefe18ea4d7911eca0b59a58024cb2de,auto_playlist.maintain,2021-11-24 22:59:38.163
352,875395de3af611ecae4b3e81c36b4b01,auto_playlist.maintain,2021-11-01 09:32:47.419
353,41aa4f104c4311ecb9e409a9c57df34b,auto_party_ending.maintain,2021-12-06 10:51:54.722
354,3dce32023d8511ecb32b7ad4ba4e9e08,auto_playlist.maintain,2021-11-04 15:38:26.222
355,7d7d5904411911ec9c34ce86246e7cee,auto_playlist.maintain,2021-11-09 04:57:14.633
356,1b46132e404311ecad47a273009342b9,auto_playlist.maintain,2021-11-08 10:08:46.584
357,8ae0120c331411ecbed29a010fca4d91,auto_playlist.maintain,2021-10-22 08:49:50.848
358,e890f158407711ecaa510ed1735cda86,auto_playlist.maintain,2021-11-08 09:59:41.928
359,8057da104ef111ecacc99a58024cb2de,auto_playlist.maintain,2021-11-26 19:46:20.323
360,707d02764d9011ec89a8d22bdb8453e3,auto_playlist.maintain,2021-11-25 01:38:57.981
361,9af7b89e4d8511ec89a8d22bdb8453e3,auto_playlist.maintain,2021-11-25 00:21:21.473
362,72a0263e370911ecb873eedd329acacc,auto_playlist.maintain,2021-10-27 10:17:49.988
363,6ae43c484d8211ec89a8d22bdb8453e3,auto_playlist.maintain,2021-11-24 23:58:53.793
