,id,account_id,device_uid,expires_at,user_id
0,5cac0722-331b-11ec-9922-5adc50ad8e5b,12b5eb10-331b-11ec-bed2-9a010fca4d91,5bd1fda9e6078acd,2040-10-26 20:15:15.354,30ecc4be-331b-11ec-8b7c-4f667ee55425
1,04a31a08-5e0d-11ec-8043-a250eecfded7,b250542c-4bd4-11ec-89a8-d22bdb8453e3,A6B46FE8-8096-4C04-88D3-24B67C3DFF60,2040-12-20 11:50:54.702,ee248f30-4bd5-11ec-9b73-dd21c2b4b8f3
2,c7671214-5706-11ec-9550-067fc7bb5bd6,02e1d290-3fa4-11ec-ad47-a273009342b9,05ade96298bd404f,2040-12-11 13:18:36.847,0b940da4-3fa4-11ec-ae44-e418f1ed08b7
3,794947ee-5d8e-11ec-958a-a250eecfded7,f049b410-5d8d-11ec-a713-9a7c59f654ca,43384899-CB36-45DD-8EDB-A5611BAF9552,2040-12-19 20:45:04.322,49dce0d8-5d8e-11ec-8a71-abc04cf17608
4,5c0d4952-407c-11ec-ad47-a273009342b9,e5d1182c-323e-11ec-9992-5adc50ad8e5b,f5518b5d5a965c7b,2040-11-12 20:52:20.613,4b96e0f6-323f-11ec-b1ea-94bbbdaee87f
5,c1dc3922-3321-11ec-bed2-9a010fca4d91,c1d93510-3321-11ec-bed2-9a010fca4d91,5c91d5f7f73f4172,2040-10-26 21:01:02.100,
6,6cdb1aaa-51db-11ec-b909-86e2d68480b1,b496f4a4-3e1c-11ec-a5b2-9ecc81379b17,c7dddaf2e30c33c3,2040-12-04 23:25:40.761,07bb7218-3e1d-11ec-807f-e967a48dff68
7,66444430-4c3d-11ec-acc9-9a58024cb2de,1b0f6a64-3313-11ec-b92a-9a010fca4d91,c7dddaf2e30c33c3,2040-11-27 19:51:53.410,3d918522-3313-11ec-8329-feef32fc5b19
8,cdc30dc2-4bd3-11ec-ba2f-c2804d2a32b1,aa734a86-4bd2-11ec-9500-c687132219c8,739FDFBD-626A-4B30-A774-2658C8853299,2040-11-27 07:16:00.393,26b303f2-4bd3-11ec-87c1-e517be6df39b
9,08572c0a-5d01-11ec-99b2-ea50d5d14cfa,ca24fff0-3e94-11ec-958a-269185fd6da4,CF9B7171-5185-4610-91B7-EBC662B2C361,2040-12-19 03:52:35.791,774f3b62-3e97-11ec-a752-999697ce82c9
10,e893385e-5306-11ec-bba4-42a91f77d458,0539b938-4191-11ec-ba2f-c2804d2a32b1,9C3FF255-AB1B-4D65-AB9E-57F894681254,2040-12-06 11:09:27.850,4207fabe-4191-11ec-a39e-becb1c27bf8c
11,2f983cd2-353d-11ec-9671-eedd329acacc,2f95ee14-353d-11ec-9671-eedd329acacc,e6093e17b0be01ef,2040-10-29 13:22:24.941,3ae3a6e8-353e-11ec-9fa1-8523b02e4912
12,9788be8e-41cc-11ec-89a8-d22bdb8453e3,e5d1182c-323e-11ec-9992-5adc50ad8e5b,B3A71AB3-62D0-4EB6-BFBA-323404FF7583,2040-11-14 12:59:11.309,4b96e0f6-323f-11ec-b1ea-94bbbdaee87f
13,5a28754a-407b-11ec-b162-669934ce5a0c,e5d2b6ce-407a-11ec-ba64-0ed1735cda86,C1E9B90C-B4EE-46C5-9D39-16D64007F35F,2040-11-12 20:45:07.939,02067cf4-407b-11ec-97e9-a72123dd15f3
14,04f2d6a4-4636-11ec-9a8e-d22bdb8453e3,1389ebf2-4367-11ec-89a8-d22bdb8453e3,E125CC18-9A54-4534-841D-6A7D166C175B,2040-11-20 03:43:56.683,26a04a38-4367-11ec-af61-e464f5f6361c
15,ee905f82-3bc0-11ec-b32b-7ad4ba4e9e08,e7d74f04-3286-11ec-9992-5adc50ad8e5b,,2040-11-06 20:20:36.383,2350f594-3287-11ec-9bc4-d0dbea1a278a
16,8859e05a-51cb-11ec-bba4-42a91f77d458,66929f54-51ba-11ec-804e-9aa5b3327e81,78BB9A6C-3F12-417D-96C1-C1E15C902A58,2040-12-04 21:31:54.943,87cc8630-51ba-11ec-8401-8a1eed32e025
17,be9d02f2-3284-11ec-9992-5adc50ad8e5b,aebf6e4c-3284-11ec-9992-5adc50ad8e5b,f5518b5d5a965c7b,2040-10-26 02:17:05.666,bc184e68-3286-11ec-8b7b-83da43ba4362
18,06e0ad92-4a69-11ec-89a8-d22bdb8453e3,06de8396-4a69-11ec-89a8-d22bdb8453e3,58898726-5902-4C5B-8891-85F48D69F1C4,2040-11-25 11:59:08.904,70c44a02-4a69-11ec-8a7d-52083742658f
19,26a3df2a-4111-11ec-9d13-ce86246e7cee,df24a4a8-3239-11ec-bed2-9a010fca4d91,71C3DB51-B99B-4868-8268-F0B4769C06F8,2040-11-13 14:37:26.016,ac47e572-3f9f-11ec-8706-336d1ac4848e
20,053cf68e-4191-11ec-ba2f-c2804d2a32b1,0539b938-4191-11ec-ba2f-c2804d2a32b1,010BB731-26D6-4C1E-9092-E2DB20D2396E,2040-11-14 05:52:45.558,4207fabe-4191-11ec-a39e-becb1c27bf8c
21,0ac76310-3e2f-11ec-ad47-a273009342b9,03525e6c-3238-11ec-90bc-6e1d7fb94ce5,71C3DB51-B99B-4868-8268-F0B4769C06F8,2040-11-09 22:33:50.686,1511e6ea-3238-11ec-baed-db9564ba7148
22,2f716d00-51bc-11ec-8d10-86e2d68480b1,1389ebf2-4367-11ec-89a8-d22bdb8453e3,5D1ACF87-520C-4F78-9E0C-FAAD493A5EB9,2040-12-04 19:42:03.330,26a04a38-4367-11ec-af61-e464f5f6361c
23,a6ca1652-5e48-11ec-859d-9a7c59f654ca,0539b938-4191-11ec-ba2f-c2804d2a32b1,D4CB1441-5C7D-4DB6-AB83-00F0F8E1210D,2040-12-20 18:57:47.055,4207fabe-4191-11ec-a39e-becb1c27bf8c
24,02ed8eda-4bef-11ec-89a8-d22bdb8453e3,02eb6c5e-4bef-11ec-89a8-d22bdb8453e3,1A404324-A43A-4A76-A1FF-8A8F50CF7478,2040-11-27 10:30:46.002,efcf0f12-4bef-11ec-9846-6562e6fb1b2a
25,466b1ef2-5d4c-11ec-859d-9a7c59f654ca,df24a4a8-3239-11ec-bed2-9a010fca4d91,B9B802D0-31B2-4EB5-B6D3-B244E2F91E92,2040-12-19 12:51:12.195,ac47e572-3f9f-11ec-8706-336d1ac4848e
26,80b81d2a-4be6-11ec-ba2f-c2804d2a32b1,7fa774aa-4be4-11ec-89a8-d22bdb8453e3,2F2D3451-BFEA-49B5-950E-5BB6C27CDC56,2040-11-27 09:29:51.574,a2380034-4be4-11ec-8a8a-f97b5077e4e7
27,174e0fde-354d-11ec-9e3a-ca1d8b11d726,e6d0a902-354c-11ec-8f3d-ca1d8b11d726,5bd1fda9e6078acd,2040-10-29 15:16:16.138,fcd85ac4-354c-11ec-8a67-a069389d8a76
28,bbdbfcde-3316-11ec-9992-5adc50ad8e5b,8a69948c-3315-11ec-9922-5adc50ad8e5b,5c91d5f7f73f4172,2040-10-26 19:42:07.568,8a069110-3316-11ec-9558-81268cfa1e12
29,9e7b6bb6-3ac3-11ec-a3e4-3e81c36b4b01,2f95ee14-353d-11ec-9671-eedd329acacc,5c91d5f7f73f4172,2040-11-05 14:07:19.355,3ae3a6e8-353e-11ec-9fa1-8523b02e4912
30,7e08e9e6-3b93-11ec-b9ee-aace27223b7f,1b0f6a64-3313-11ec-b92a-9a010fca4d91,,2040-11-06 14:55:20.238,3d918522-3313-11ec-8329-feef32fc5b19
31,8c30854c-51dc-11ec-bba4-42a91f77d458,e5d1182c-323e-11ec-9992-5adc50ad8e5b,f5518b5d5a965c7b,2040-12-04 23:33:42.827,4b96e0f6-323f-11ec-b1ea-94bbbdaee87f
32,f88bc39a-408a-11ec-84fd-a2d2fca43ce9,df24a4a8-3239-11ec-bed2-9a010fca4d91,71C3DB51-B99B-4868-8268-F0B4769C06F8,2040-11-12 22:36:56.121,ac47e572-3f9f-11ec-8706-336d1ac4848e
33,4082a29a-328a-11ec-bed2-9a010fca4d91,4080f594-328a-11ec-bed2-9a010fca4d91,5bd1fda9e6078acd,2040-10-26 02:56:31.081,ade92c2c-3312-11ec-a32c-45e028c81697
34,3275ac72-3313-11ec-9992-5adc50ad8e5b,32741128-3313-11ec-9992-5adc50ad8e5b,f5518b5d5a965c7b,2040-10-26 19:16:48.560,b483956c-3313-11ec-bd26-6acbf2da7988
35,a9c767f2-4277-11ec-89a8-d22bdb8453e3,0a1819aa-4122-11ec-b867-d27cb1cd803d,852AD771-FA18-4ACE-8F8B-4E3DF3690EDF,2040-11-15 09:23:45.859,30f4fe9e-4122-11ec-acc7-ef8de78e03cc
36,41acd484-51d3-11ec-b909-86e2d68480b1,5c5bc238-3e17-11ec-a653-0ac980024e64,a22fb9a168682310,2040-12-04 22:27:12.343,f3e85cce-3e17-11ec-af04-0cc96973a2b9
37,ece6aa32-5714-11ec-90b4-7a717ba63af1,e5d2b6ce-407a-11ec-ba64-0ed1735cda86,05EA2E5C-2640-4077-B580-946BE2A1D3BD,2040-12-11 14:59:52.713,02067cf4-407b-11ec-97e9-a72123dd15f3
38,8ba058dc-3288-11ec-9992-5adc50ad8e5b,8b9e073a-3288-11ec-9992-5adc50ad8e5b,5bd1fda9e6078acd,2040-10-26 02:44:18.111,a458b4c8-3288-11ec-a33c-e474f52b8cb5
39,f3942076-5d72-11ec-958a-a250eecfded7,3408cac6-5d50-11ec-b436-5e789fde3be1,21F32E17-7062-44F3-989A-EC0D6BFC9817,2040-12-19 17:28:03.586,6b11ef84-5d50-11ec-b64d-89d2a6ec2fdd
40,ca272abe-3e94-11ec-958a-269185fd6da4,ca24fff0-3e94-11ec-958a-269185fd6da4,FEC0BD6B-B9E5-4092-A5B2-0D98C8C6728E,2040-11-10 10:42:10.928,774f3b62-3e97-11ec-a752-999697ce82c9
41,b4926c80-484f-11ec-acc9-9a58024cb2de,b48fabda-484f-11ec-acc9-9a58024cb2de,AD008C2F-8BFB-4A49-8158-CFC14A3487C6,2040-11-22 19:52:51.074,dbc30076-484f-11ec-b060-b50460965605
42,897c1f26-3bb8-11ec-b32b-7ad4ba4e9e08,2f3c57fc-3244-11ec-b271-4ccc6afa8976,5bd1fda9e6078acd,2040-11-06 19:20:30.827,df44d206-330f-11ec-b222-6fc08f95f7ab
43,c7be028a-4078-11ec-b162-669934ce5a0c,d4ade27c-404a-11ec-958a-269185fd6da4,5bd1fda9e6078acd,2040-11-12 20:26:43.300,f5e3ff62-404a-11ec-9d8e-ae78fe1d0ad6
44,14e0c902-5d58-11ec-99b2-ea50d5d14cfa,1c9eb906-3e1d-11ec-95d6-6e7b990e60c1,8736AD30-3D17-4AEB-87FD-DA7CD631DD45,2040-12-19 14:15:43.041,69881ffa-3e22-11ec-a810-ddc3ee85e7df
45,5737c890-43a5-11ec-89a8-d22bdb8453e3,e7d74f04-3286-11ec-9992-5adc50ad8e5b,05d2d59f0e09b223,2040-11-16 21:23:15.357,2350f594-3287-11ec-9bc4-d0dbea1a278a
46,abfa8944-5714-11ec-89fe-528885d94511,33273f02-3e24-11ec-a653-0ac980024e64,3D17D7D9-890E-41B4-968A-95CCD8A75F4F,2040-12-11 14:58:03.791,4fb96794-3e24-11ec-8fa2-eaabe3d3895a
47,f0579d1e-4366-11ec-89a8-d22bdb8453e3,e6d0a902-354c-11ec-8f3d-ca1d8b11d726,88DCC032-DCE7-4779-BA5D-D6152836C82D,2040-11-16 13:56:33.963,fcd85ac4-354c-11ec-8a67-a069389d8a76
48,504d2e64-328c-11ec-bed2-9a010fca4d91,e5d1182c-323e-11ec-9992-5adc50ad8e5b,f5518b5d5a965c7b,2040-10-26 03:11:16.568,4b96e0f6-323f-11ec-b1ea-94bbbdaee87f
49,15f372be-5cf8-11ec-a036-8a0c7b87547d,02e1d290-3fa4-11ec-ad47-a273009342b9,72a463af4c63ad99,2040-12-19 02:48:33.155,0b940da4-3fa4-11ec-ae44-e418f1ed08b7
50,71fd21fc-3e28-11ec-af06-26857fb5220e,e7d5af0e-3e08-11ec-a653-0ac980024e64,1616ED9B-2ED4-4A1E-8774-497F94DE136A,2040-11-09 21:46:37.366,086c0164-3e09-11ec-af1c-166bc3c05ee1
51,0ff3ba00-360a-11ec-9e3a-ca1d8b11d726,2f95ee14-353d-11ec-9671-eedd329acacc,5c91d5f7f73f4172,2040-10-30 13:48:58.684,3ae3a6e8-353e-11ec-9fa1-8523b02e4912
52,99c292a8-3f9f-11ec-ba64-0ed1735cda86,df24a4a8-3239-11ec-bed2-9a010fca4d91,72a463af4c63ad99,2040-11-11 18:32:05.365,ac47e572-3f9f-11ec-8706-336d1ac4848e
53,9591cabd-3e2f-11ec-84ab-4ccc6afa8976,1c9eb906-3e1d-11ec-95d6-6e7b990e60c1,,2040-11-09 22:37:43.534,69881ffa-3e22-11ec-a810-ddc3ee85e7df
54,53bb3ca2-51d2-11ec-86d5-2a414ec239b3,02e1d290-3fa4-11ec-ad47-a273009342b9,72a463af4c63ad99,2040-12-04 22:20:33.139,0b940da4-3fa4-11ec-ae44-e418f1ed08b7
55,f56d42e0-5d4c-11ec-859d-9a7c59f654ca,df24a4a8-3239-11ec-bed2-9a010fca4d91,B9B802D0-31B2-4EB5-B6D3-B244E2F91E92,2040-12-19 12:56:05.811,ac47e572-3f9f-11ec-8706-336d1ac4848e
56,6d1a2b3c-5d5c-11ec-859d-9a7c59f654ca,b496f4a4-3e1c-11ec-a5b2-9ecc81379b17,c7dddaf2e30c33c3,2040-12-19 14:46:49.044,07bb7218-3e1d-11ec-807f-e967a48dff68
57,03b9f1b4-4078-11ec-958a-269185fd6da4,df24a4a8-3239-11ec-bed2-9a010fca4d91,71C3DB51-B99B-4868-8268-F0B4769C06F8,2040-11-12 20:21:14.440,ac47e572-3f9f-11ec-8706-336d1ac4848e
58,98572664-3319-11ec-9992-5adc50ad8e5b,1b0f6a64-3313-11ec-b92a-9a010fca4d91,c7dddaf2e30c33c3,2040-10-26 20:02:36.468,3d918522-3313-11ec-8329-feef32fc5b19
59,b182a87e-3284-11ec-9992-5adc50ad8e5b,aebf6e4c-3284-11ec-9992-5adc50ad8e5b,f5518b5d5a965c7b,2040-10-26 02:16:43.683,bc184e68-3286-11ec-8b7b-83da43ba4362
60,5bed15c6-4bdd-11ec-acc9-9a58024cb2de,5beb93ea-4bdd-11ec-acc9-9a58024cb2de,647EA4F9-4B32-49B0-83B0-4AAF1A6E5758,2040-11-27 08:24:24.375,7e1a8aca-4bdd-11ec-91be-37ccbb55fab5
61,35e86bee-4bda-11ec-9500-c687132219c8,b250542c-4bd4-11ec-89a8-d22bdb8453e3,5F093CDB-5825-4978-A3FF-17AAA9A38E70,2040-11-27 08:01:52.101,ee248f30-4bd5-11ec-9b73-dd21c2b4b8f3
62,2214f9fa-4c40-11ec-89a8-d22bdb8453e3,e92079e4-3e20-11ec-a5b2-9ecc81379b17,611BEA79-8260-481C-9498-3F49A22724E3,2040-11-27 20:11:27.505,320a7c5e-3e21-11ec-8ac5-2ba34ecb720d
63,7bb6c098-5711-11ec-b375-528885d94511,e7d5af0e-3e08-11ec-a653-0ac980024e64,389E10D3-7EF2-4ADA-BC44-C2B9DDDD183F,2040-12-11 14:35:14.327,086c0164-3e09-11ec-af1c-166bc3c05ee1
64,1f872432-404d-11ec-ad47-a273009342b9,b496f4a4-3e1c-11ec-a5b2-9ecc81379b17,A7C6BB13-5FFF-4921-8E93-DD04AB1E32B9,2040-11-12 15:14:12.724,07bb7218-3e1d-11ec-807f-e967a48dff68
65,c4c8093c-356e-11ec-b19b-1a6c70deb5be,e5d1182c-323e-11ec-9992-5adc50ad8e5b,f5518b5d5a965c7b,2040-10-29 19:17:20.575,4b96e0f6-323f-11ec-b1ea-94bbbdaee87f
66,e8a6dddc-571b-11ec-b375-528885d94511,e5d1182c-323e-11ec-9992-5adc50ad8e5b,B1FE51C1-997C-437F-AA62-CD027655621D,2040-12-11 15:49:52.061,4b96e0f6-323f-11ec-b1ea-94bbbdaee87f
67,b8f72e2a-51d0-11ec-8c7d-2a414ec239b3,eb3a2e3a-404d-11ec-958a-269185fd6da4,6C7842C3-4842-48F2-9891-AB2B60B11D3D,2040-12-04 22:09:03.988,8faf58a8-51d0-11ec-afe6-e88efaccecbd
68,267b9bae-43a6-11ec-9500-c687132219c8,1389ebf2-4367-11ec-89a8-d22bdb8453e3,5bd1fda9e6078acd,2040-11-16 21:29:03.090,26a04a38-4367-11ec-af61-e464f5f6361c
69,a6b1f554-325b-11ec-a715-5adc50ad8e5b,e5d1182c-323e-11ec-9992-5adc50ad8e5b,f5518b5d5a965c7b,2040-10-25 21:22:56.172,4b96e0f6-323f-11ec-b1ea-94bbbdaee87f
70,e97e4a9b-3240-11ec-8183-4ccc6afa8976,d9632faf-3240-11ec-b112-4ccc6afa8976,,2040-10-25 18:11:31.829,eff78ff4-324b-11ec-8a7a-9284af838714
71,531a313e-406d-11ec-9239-269185fd6da4,88e7c6b9-323d-11ec-a8b0-4ccc6afa8976,12234D81-4BAF-48AB-89B0-5D495BD1C2BD,2040-11-12 19:04:43.147,d1677ee0-323d-11ec-bd52-c72d60dcf1c1
72,c7c5eae6-328a-11ec-bed2-9a010fca4d91,8b9e073a-3288-11ec-9992-5adc50ad8e5b,5bd1fda9e6078acd,2040-10-26 03:00:18.014,a458b4c8-3288-11ec-a33c-e474f52b8cb5
73,8ad37b2c-5340-11ec-be6c-9e680d492751,66929f54-51ba-11ec-804e-9aa5b3327e81,C200624D-50B4-493D-8A76-A11BBE0FF0FC,2040-12-06 18:02:01.376,87cc8630-51ba-11ec-8401-8a1eed32e025
74,936aab4c-5652-11ec-be6c-9e680d492751,e7d74f04-3286-11ec-9992-5adc50ad8e5b,75CC0E20-A5F7-450A-B06E-B484CCA0FB24,2040-12-10 15:48:40.218,2350f594-3287-11ec-9bc4-d0dbea1a278a
75,083a7aba-3e57-11ec-958a-269185fd6da4,08389010-3e57-11ec-958a-269185fd6da4,3C51719F-BCFE-4C8D-B6A4-C994EEFB3825,2040-11-10 03:20:06.275,1bcb4c62-3e57-11ec-b8bd-5ee16f365968
76,7363fbc0-4bd8-11ec-bd2e-d22bdb8453e3,0539b938-4191-11ec-ba2f-c2804d2a32b1,63233BFA-EE0D-4FD8-9CDE-67B8B7DF2EBC,2040-11-27 07:49:16.258,4207fabe-4191-11ec-a39e-becb1c27bf8c
77,e5d499da-407a-11ec-ba64-0ed1735cda86,e5d2b6ce-407a-11ec-ba64-0ed1735cda86,C1E9B90C-B4EE-46C5-9D39-16D64007F35F,2040-11-12 20:41:52.774,02067cf4-407b-11ec-97e9-a72123dd15f3
78,baa07808-48e8-11ec-8a48-c2804d2a32b1,8a1bf140-3e1f-11ec-a653-0ac980024e64,9FD84697-1856-4789-802A-60D911B20AED,2040-11-23 14:08:14.232,a3fcb9c8-3e1f-11ec-a777-75b999be7f89
79,2d60b024-3322-11ec-a715-5adc50ad8e5b,7113dcc0-3321-11ec-9922-5adc50ad8e5b,f5518b5d5a965c7b,2040-10-26 21:04:02.485,5ed2c3d6-3322-11ec-96e6-b73ed3eda142
80,c6fb84b2-5d56-11ec-859d-9a7c59f654ca,3408cac6-5d50-11ec-b436-5e789fde3be1,21F32E17-7062-44F3-989A-EC0D6BFC9817,2040-12-19 14:06:22.857,6b11ef84-5d50-11ec-b64d-89d2a6ec2fdd
81,10d0b3fa-5cf3-11ec-b4d9-0216e853b52a,b1a9640a-4364-11ec-acc9-9a58024cb2de,67CD0CB6-BFEA-417C-A8D0-E5E5CF35FBEC,2040-12-19 02:12:37.055,e340d9c6-4364-11ec-a444-e734332dc01d
82,ec97996e-3712-11ec-8f3d-ca1d8b11d726,e5d1182c-323e-11ec-9992-5adc50ad8e5b,f5518b5d5a965c7b,2040-10-31 21:24:55.993,4b96e0f6-323f-11ec-b1ea-94bbbdaee87f
83,c05b7b80-3e84-11ec-9f5d-269185fd6da4,4bc4a872-3e03-11ec-b4ad-0ac980024e64,FEC0BD6B-B9E5-4092-A5B2-0D98C8C6728E,2040-11-10 08:47:22.546,6bbda098-3e03-11ec-9fba-e1612ca28cf7
84,f9feefaa-3ae4-11ec-ae4b-3e81c36b4b01,e5d1182c-323e-11ec-9992-5adc50ad8e5b,f5518b5d5a965c7b,2040-11-05 18:06:06.282,4b96e0f6-323f-11ec-b1ea-94bbbdaee87f
85,08fcfaa8-5d93-11ec-8043-a250eecfded7,08fb8902-5d93-11ec-8043-a250eecfded7,5bd1fda9e6078acd,2040-12-19 21:17:43.400,14f6fe30-5d93-11ec-b1b1-a0dadae69dd9
86,9a2d123e-51bc-11ec-804e-9aa5b3327e81,e5d1182c-323e-11ec-9992-5adc50ad8e5b,f5518b5d5a965c7b,2040-12-04 19:45:02.398,4b96e0f6-323f-11ec-b1ea-94bbbdaee87f
87,b216282c-3e11-11ec-910b-6e7b990e60c1,03525e6c-3238-11ec-90bc-6e1d7fb94ce5,72a463af4c63ad99,2040-11-09 19:03:46.479,1511e6ea-3238-11ec-baed-db9564ba7148
88,8a6b1c3a-3315-11ec-9922-5adc50ad8e5b,8a69948c-3315-11ec-9922-5adc50ad8e5b,5c91d5f7f73f4172,2040-10-26 19:33:35.124,8a069110-3316-11ec-9558-81268cfa1e12
89,5487e9b2-32e9-11ec-9992-5adc50ad8e5b,e5d1182c-323e-11ec-9992-5adc50ad8e5b,f5518b5d5a965c7b,2040-10-26 14:17:06.859,4b96e0f6-323f-11ec-b1ea-94bbbdaee87f
90,e911508a-3e1c-11ec-af06-26857fb5220e,e90fad98-3e1c-11ec-af06-26857fb5220e,72a463af4c63ad99,2040-11-09 20:24:03.186,1c436d76-3e1d-11ec-a740-bc4950c54081
91,976a0308-4c40-11ec-9a8e-d22bdb8453e3,e92079e4-3e20-11ec-a5b2-9ecc81379b17,49A8D396-DFF4-4FFB-AE4C-2E453F3CFC6A,2040-11-27 20:14:44.356,320a7c5e-3e21-11ec-8ac5-2ba34ecb720d
92,445c3f60-5cfc-11ec-9e06-4e270575dde9,1f165330-5cfc-11ec-bab4-e653f6f7ea85,447953F0-EC35-4F1D-AA0A-CEBE161A799B,2040-12-19 03:18:29.004,2e16b622-5cfc-11ec-b1e7-02405c521067
93,7eb6aeac-414f-11ec-9500-c687132219c8,d4ade27c-404a-11ec-958a-269185fd6da4,EFC9C89B-670A-48DA-B85E-ED00CC8D2F6B,2040-11-13 22:03:42.575,f5e3ff62-404a-11ec-9d8e-ae78fe1d0ad6
94,0ee67008-5e4b-11ec-99b2-ea50d5d14cfa,5c5bc238-3e17-11ec-a653-0ac980024e64,bfaf376e97f88270,2040-12-20 19:15:00.717,f3e85cce-3e17-11ec-af04-0cc96973a2b9
95,0a8f78a0-5cf3-11ec-a02e-0216e853b52a,0a8ce144-5cf3-11ec-a02e-0216e853b52a,5A3BD121-89D9-498D-A0CB-7EDC0C50DFDD,2040-12-19 02:12:26.561,18123116-5cf3-11ec-8737-add877cce74f
96,63daa750-5c75-11ec-90b4-7a717ba63af1,63d92f38-5c75-11ec-90b4-7a717ba63af1,DDA79660-AAF8-42E5-BC59-6D892A610AE8,2040-12-18 11:12:59.783,7d9d3ec8-5c75-11ec-a24c-d033ab82072a
97,1a65123a-51c7-11ec-86d5-2a414ec239b3,e5d1182c-323e-11ec-9992-5adc50ad8e5b,f5518b5d5a965c7b,2040-12-04 21:00:12.480,4b96e0f6-323f-11ec-b1ea-94bbbdaee87f
98,b5931a6a-420c-11ec-89a8-d22bdb8453e3,1c9eb906-3e1d-11ec-95d6-6e7b990e60c1,C4C61C23-3A7B-4116-AD0B-057AAE923AE3,2040-11-14 20:38:09.499,69881ffa-3e22-11ec-a810-ddc3ee85e7df
99,9df3d6de-404e-11ec-b162-669934ce5a0c,1c9eb906-3e1d-11ec-95d6-6e7b990e60c1,188FA448-0EE9-470A-B037-7E7A12C49761,2040-11-12 15:24:54.326,69881ffa-3e22-11ec-a810-ddc3ee85e7df
100,b1abde74-4364-11ec-acc9-9a58024cb2de,b1a9640a-4364-11ec-acc9-9a58024cb2de,E125CC18-9A54-4534-841D-6A7D166C175B,2040-11-16 13:40:29.825,e340d9c6-4364-11ec-a444-e734332dc01d
101,d4921cd0-5d8d-11ec-859d-9a7c59f654ca,b1a9640a-4364-11ec-acc9-9a58024cb2de,E83EE239-1783-446E-B1A8-2F061F58F472,2040-12-19 20:40:27.975,e340d9c6-4364-11ec-a444-e734332dc01d
102,bb42c75e-3284-11ec-b92a-9a010fca4d91,aebf6e4c-3284-11ec-9992-5adc50ad8e5b,f5518b5d5a965c7b,2040-10-26 02:17:00.042,bc184e68-3286-11ec-8b7b-83da43ba4362
103,3c1c5818-5e18-11ec-958a-a250eecfded7,81535c4e-3e18-11ec-b4ad-0ac980024e64,3E8930E2-3DB8-40FF-871C-9E4E69248F9F,2040-12-20 13:11:12.235,86cf42e0-3e19-11ec-8ca4-e0c4d5ea46e8
104,458e0596-4071-11ec-bff5-669934ce5a0c,e7d74f04-3286-11ec-9992-5adc50ad8e5b,c7dddaf2e30c33c3,2040-11-12 19:32:58.405,2350f594-3287-11ec-9bc4-d0dbea1a278a
105,0652fd2a-5294-11ec-b909-86e2d68480b1,e6d0a902-354c-11ec-8f3d-ca1d8b11d726,447953F0-EC35-4F1D-AA0A-CEBE161A799B,2040-12-05 21:27:05.637,fcd85ac4-354c-11ec-8a67-a069389d8a76
106,f4b2706e-3d8a-11ec-b16e-de83cac4f836,e6d0a902-354c-11ec-8f3d-ca1d8b11d726,849e7e8833a8b9a8,2040-11-09 02:59:16.175,fcd85ac4-354c-11ec-8a67-a069389d8a76
107,0a5b3724-51c8-11ec-bba4-42a91f77d458,66929f54-51ba-11ec-804e-9aa5b3327e81,C200624D-50B4-493D-8A76-A11BBE0FF0FC,2040-12-04 21:06:55.069,87cc8630-51ba-11ec-8401-8a1eed32e025
108,16e3eaf6-4078-11ec-80c3-669934ce5a0c,df24a4a8-3239-11ec-bed2-9a010fca4d91,71C3DB51-B99B-4868-8268-F0B4769C06F8,2040-11-12 20:21:46.592,ac47e572-3f9f-11ec-8706-336d1ac4848e
109,a7c7cd7c-5e4a-11ec-a9f6-ea50d5d14cfa,6b534c3a-5653-11ec-8013-067fc7bb5bd6,bfaf376e97f88270,2040-12-20 19:12:07.709,b2a9f62e-5653-11ec-811a-8d9a3831ba42
110,5b44289a-323c-11ec-bed2-9a010fca4d91,03525e6c-3238-11ec-90bc-6e1d7fb94ce5,72a463af4c63ad99,2040-10-25 17:38:55.225,1511e6ea-3238-11ec-baed-db9564ba7148
111,baa57e6e-53e4-11ec-acf0-9e680d492751,a901448e-4054-11ec-bff5-669934ce5a0c,9836B1D2-F4DB-4EB2-926A-FC2E9A73D7ED,2040-12-07 13:37:19.069,0a797542-4055-11ec-b470-35f604c8d212
112,ca20d7e2-3703-11ec-b873-eedd329acacc,e6d0a902-354c-11ec-8f3d-ca1d8b11d726,849e7e8833a8b9a8,2040-10-31 19:36:35.721,fcd85ac4-354c-11ec-8a67-a069389d8a76
113,81ae5d96-404e-11ec-80c3-669934ce5a0c,e5d1182c-323e-11ec-9992-5adc50ad8e5b,f5518b5d5a965c7b,2040-11-12 15:24:06.895,4b96e0f6-323f-11ec-b1ea-94bbbdaee87f
114,73ca369a-41cb-11ec-89a8-d22bdb8453e3,0539b938-4191-11ec-ba2f-c2804d2a32b1,010BB731-26D6-4C1E-9092-E2DB20D2396E,2040-11-14 12:51:01.843,4207fabe-4191-11ec-a39e-becb1c27bf8c
115,036f1f30-51db-11ec-a01a-9aa5b3327e81,b496f4a4-3e1c-11ec-a5b2-9ecc81379b17,c7dddaf2e30c33c3,2040-12-04 23:22:43.893,07bb7218-3e1d-11ec-807f-e967a48dff68
116,367678c0-3286-11ec-9992-5adc50ad8e5b,aebf6e4c-3284-11ec-9992-5adc50ad8e5b,f5518b5d5a965c7b,2040-10-26 02:27:36.237,bc184e68-3286-11ec-8b7b-83da43ba4362
117,beb393aa-3e23-11ec-a88f-6e7b990e60c1,5847ace2-324c-11ec-bed2-9a010fca4d91,5bd1fda9e6078acd,2040-11-09 21:12:58.585,98c86e0a-324c-11ec-a204-9da21b625b1f
118,a90353be-4054-11ec-bff5-669934ce5a0c,a901448e-4054-11ec-bff5-669934ce5a0c,FCF67330-3B6D-4A83-92E2-859A7C802D03,2040-11-12 16:08:09.863,0a797542-4055-11ec-b470-35f604c8d212
119,5cf267ba-3250-11ec-a715-5adc50ad8e5b,e5d1182c-323e-11ec-9992-5adc50ad8e5b,f5518b5d5a965c7b,2040-10-25 20:02:07.979,4b96e0f6-323f-11ec-b1ea-94bbbdaee87f
120,67499e32-4627-11ec-9500-c687132219c8,7a0ae39c-4626-11ec-9a4b-c687132219c8,82C6AAB8-4BE2-46D2-BCD8-BB2925914646,2040-11-20 01:59:19.218,1f72bb52-4627-11ec-9b1b-66de6f72b2fe
121,10f65f5e-41de-11ec-ba2f-c2804d2a32b1,e5d1182c-323e-11ec-9992-5adc50ad8e5b,72a463af4c63ad99,2040-11-14 15:04:16.476,4b96e0f6-323f-11ec-b1ea-94bbbdaee87f
122,9bb2cb2a-5d8e-11ec-8599-5e789fde3be1,f049b410-5d8d-11ec-a713-9a7c59f654ca,43384899-CB36-45DD-8EDB-A5611BAF9552,2040-12-19 20:46:02.056,49dce0d8-5d8e-11ec-8a71-abc04cf17608
123,30e91786-407e-11ec-b162-669934ce5a0c,30e752a2-407e-11ec-b162-669934ce5a0c,87FBD3B3-4DE2-4EB3-8D92-AC82027437D6,2040-11-12 21:05:27.227,3f2b1baa-407e-11ec-9d4e-d3c8bb216e8c
124,dc22ec02-5d08-11ec-859d-9a7c59f654ca,dc206810-5d08-11ec-859d-9a7c59f654ca,4FEA7DC9-9345-4295-8562-3B7F21000C0B,2040-12-19 04:48:37.603,337a3adc-5d09-11ec-97ca-094c615785d1
125,1b7f0f10-5e22-11ec-99b2-ea50d5d14cfa,1b7ceef6-5e22-11ec-99b2-ea50d5d14cfa,1A6E4269-246A-4239-B377-DF6A5976B3B3,2040-12-20 14:21:52.484,400aea20-5e22-11ec-81fb-4ebc92255e12
126,f1c47ab0-4be4-11ec-9a4b-c687132219c8,7fa774aa-4be4-11ec-89a8-d22bdb8453e3,2F2D3451-BFEA-49B5-950E-5BB6C27CDC56,2040-11-27 09:18:42.244,a2380034-4be4-11ec-8a8a-f97b5077e4e7
127,8154dee8-3e18-11ec-b4ad-0ac980024e64,81535c4e-3e18-11ec-b4ad-0ac980024e64,D4C781FD-52E5-4031-A070-CDBE931B3022,2040-11-09 19:52:31.159,86cf42e0-3e19-11ec-8ca4-e0c4d5ea46e8
128,8e1854dc-4072-11ec-b162-669934ce5a0c,1c9eb906-3e1d-11ec-95d6-6e7b990e60c1,46F8437F-A49B-4B01-BFD9-61376B02AE59,2040-11-12 19:42:09.604,69881ffa-3e22-11ec-a810-ddc3ee85e7df
129,bc2983bc-5645-11ec-be6c-9e680d492751,e7d5af0e-3e08-11ec-a653-0ac980024e64,389E10D3-7EF2-4ADA-BC44-C2B9DDDD183F,2040-12-10 14:16:45.120,086c0164-3e09-11ec-af1c-166bc3c05ee1
130,03566fb6-3238-11ec-90bc-6e1d7fb94ce5,03525e6c-3238-11ec-90bc-6e1d7fb94ce5,72a463af4c63ad99,2040-10-25 17:07:49.719,1511e6ea-3238-11ec-baed-db9564ba7148
131,01430f88-4348-11ec-acc9-9a58024cb2de,0140b45e-4348-11ec-acc9-9a58024cb2de,B5CA4778-7CEC-46CD-9E29-E650848DED73,2040-11-16 10:15:07.951,3ba443ea-4348-11ec-b120-40d7b2fee6a6
132,3185cb08-5d93-11ec-859d-9a7c59f654ca,08fb8902-5d93-11ec-8043-a250eecfded7,5bd1fda9e6078acd,2040-12-19 21:18:51.406,14f6fe30-5d93-11ec-b1b1-a0dadae69dd9
133,efb405f6-4bdf-11ec-ba2f-c2804d2a32b1,efb25d00-4bdf-11ec-ba2f-c2804d2a32b1,22AFACE7-40B9-4D10-8E82-015B3BF7C588,2040-11-27 08:42:51.297,5e64bb62-4be0-11ec-aad5-eccb9bc4f187
134,c7855d6c-4c40-11ec-ba2f-c2804d2a32b1,e92079e4-3e20-11ec-a5b2-9ecc81379b17,02044994-9519-478B-94CA-C2EB15463E17,2040-11-27 20:16:05.066,320a7c5e-3e21-11ec-8ac5-2ba34ecb720d
135,eac044ee-5713-11ec-b375-528885d94511,b496f4a4-3e1c-11ec-a5b2-9ecc81379b17,75CC0E20-A5F7-450A-B06E-B484CCA0FB24,2040-12-11 14:52:39.609,07bb7218-3e1d-11ec-807f-e967a48dff68
136,340b3644-5d50-11ec-b436-5e789fde3be1,3408cac6-5d50-11ec-b436-5e789fde3be1,74AED8B6-103B-44C8-A26A-8EADECDEE9D6,2040-12-19 13:19:19.355,6b11ef84-5d50-11ec-b64d-89d2a6ec2fdd
137,7a8d42b8-564f-11ec-b375-528885d94511,0539b938-4191-11ec-ba2f-c2804d2a32b1,9C3FF255-AB1B-4D65-AB9E-57F894681254,2040-12-10 15:26:30.011,4207fabe-4191-11ec-a39e-becb1c27bf8c
138,63b9872e-5c6f-11ec-90b4-7a717ba63af1,63b6ac52-5c6f-11ec-90b4-7a717ba63af1,1104720C-EEA9-4ED6-AF5D-FA0BA48DCA67,2040-12-18 10:30:02.586,90034450-5c6f-11ec-a950-2f7e07c0327c
139,da892cf2-5e35-11ec-b436-5e789fde3be1,0539b938-4191-11ec-ba2f-c2804d2a32b1,9175A870-840D-4E5D-9BC0-81E499FFBC8E,2040-12-20 16:43:13.433,4207fabe-4191-11ec-a39e-becb1c27bf8c
140,0c29330a-51d0-11ec-b909-86e2d68480b1,eb3a2e3a-404d-11ec-958a-269185fd6da4,6C7842C3-4842-48F2-9891-AB2B60B11D3D,2040-12-04 22:04:14.071,8faf58a8-51d0-11ec-afe6-e88efaccecbd
141,54a3b02c-5d80-11ec-8599-5e789fde3be1,54a13464-5d80-11ec-8599-5e789fde3be1,7a7a44c2d5734446,2040-12-19 19:03:49.884,b9042ef2-5d80-11ec-8835-8c2eb032edbc
142,ded902ac-5cf3-11ec-b574-8a0c7b87547d,e7d5af0e-3e08-11ec-a653-0ac980024e64,D98FC076-0D3B-460C-899F-BA7B70E8222F,2040-12-19 02:18:22.720,086c0164-3e09-11ec-af1c-166bc3c05ee1
143,854aa898-3af3-11ec-b043-3e81c36b4b01,5847ace2-324c-11ec-bed2-9a010fca4d91,5bd1fda9e6078acd,2040-11-05 19:50:12.936,98c86e0a-324c-11ec-a204-9da21b625b1f
144,ed58c9fe-5c4c-11ec-af77-9e680d492751,ed55eb4e-5c4c-11ec-af77-9e680d492751,58DE5439-BD73-4AAA-9541-4DD7E68D8B10,2040-12-18 06:23:21.092,30752822-5c4d-11ec-8777-be0023f55fae
145,0a0df77e-3af9-11ec-ae4b-3e81c36b4b01,03525e6c-3238-11ec-90bc-6e1d7fb94ce5,72a463af4c63ad99,2040-11-05 20:29:43.158,1511e6ea-3238-11ec-baed-db9564ba7148
146,f121f7fe-51cf-11ec-a01a-9aa5b3327e81,1c9eb906-3e1d-11ec-95d6-6e7b990e60c1,552ED68A-7BD7-4AA7-816A-36468057000D,2040-12-04 22:03:28.725,69881ffa-3e22-11ec-a810-ddc3ee85e7df
147,7018156c-331b-11ec-bed2-9a010fca4d91,5847ace2-324c-11ec-bed2-9a010fca4d91,5bd1fda9e6078acd,2040-10-26 20:15:47.939,98c86e0a-324c-11ec-a204-9da21b625b1f
148,c0ba6ef6-51d0-11ec-a01a-9aa5b3327e81,02e1d290-3fa4-11ec-ad47-a273009342b9,72a463af4c63ad99,2040-12-04 22:09:17.012,0b940da4-3fa4-11ec-ae44-e418f1ed08b7
149,4494ff70-41d2-11ec-ba2f-c2804d2a32b1,449360d4-41d2-11ec-ba2f-c2804d2a32b1,88DCC032-DCE7-4779-BA5D-D6152836C82D,2040-11-14 13:39:49.118,b3daa98e-41d2-11ec-b888-6013ed8304ff
150,eb2a2370-428f-11ec-8a48-c2804d2a32b1,e5d1182c-323e-11ec-9992-5adc50ad8e5b,F3BAC2FC-820F-4340-B310-88D05181AF07,2040-11-15 12:17:23.480,4b96e0f6-323f-11ec-b1ea-94bbbdaee87f
151,a6868aee-5287-11ec-b909-86e2d68480b1,e5d1182c-323e-11ec-9992-5adc50ad8e5b,2e0d74efaacee8ba,2040-12-05 19:58:30.952,4b96e0f6-323f-11ec-b1ea-94bbbdaee87f
152,33c2d51c-41ca-11ec-9500-c687132219c8,33c075e2-41ca-11ec-9500-c687132219c8,53266CA6-BFE7-4103-835C-59C7588D3C4B,2040-11-14 12:42:04.924,73e6789c-41ca-11ec-a8b6-a4c0148ad650
153,22813b3a-5e0e-11ec-a713-9a7c59f654ca,227f3cc2-5e0e-11ec-a713-9a7c59f654ca,112D5C12-487D-40CA-B491-C3A41B4C35CC,2040-12-20 11:58:54.308,3a7f5ff0-5e0e-11ec-8f70-5154311525be
154,e6d2f702-354c-11ec-8f3d-ca1d8b11d726,e6d0a902-354c-11ec-8f3d-ca1d8b11d726,5bd1fda9e6078acd,2040-10-29 15:14:54.800,fcd85ac4-354c-11ec-8a67-a069389d8a76
155,8658b34b-4137-11ec-82b4-4ccc6afa8976,d4ade27c-404a-11ec-958a-269185fd6da4,,2040-11-13 19:12:07.456,f5e3ff62-404a-11ec-9d8e-ae78fe1d0ad6
156,e9226984-3e20-11ec-a5b2-9ecc81379b17,e92079e4-3e20-11ec-a5b2-9ecc81379b17,60FC3C7E-BE5E-4E8A-B425-957CE0E6A129,2040-11-09 20:52:41.285,320a7c5e-3e21-11ec-8ac5-2ba34ecb720d
157,6b553748-5653-11ec-8013-067fc7bb5bd6,6b534c3a-5653-11ec-8013-067fc7bb5bd6,bfaf376e97f88270,2040-12-10 15:54:42.465,b2a9f62e-5653-11ec-811a-8d9a3831ba42
158,03b940ca-3286-11ec-9992-5adc50ad8e5b,aebf6e4c-3284-11ec-9992-5adc50ad8e5b,f5518b5d5a965c7b,2040-10-26 02:26:11.111,bc184e68-3286-11ec-8b7b-83da43ba4362
159,ae3cd720-5651-11ec-b375-528885d94511,df24a4a8-3239-11ec-bed2-9a010fca4d91,05ade96298bd404f,2040-12-10 15:42:15.719,ac47e572-3f9f-11ec-8706-336d1ac4848e
160,944bcd1e-57da-11ec-90b4-7a717ba63af1,ca24fff0-3e94-11ec-958a-269185fd6da4,CF9B7171-5185-4610-91B7-EBC662B2C361,2040-12-12 14:34:44.411,774f3b62-3e97-11ec-a752-999697ce82c9
161,6442f51e-3d83-11ec-a3e4-3e81c36b4b01,5847ace2-324c-11ec-bed2-9a010fca4d91,5bd1fda9e6078acd,2040-11-09 02:05:07.375,98c86e0a-324c-11ec-a204-9da21b625b1f
162,cd254800-5d4c-11ec-a713-9a7c59f654ca,df24a4a8-3239-11ec-bed2-9a010fca4d91,B9B802D0-31B2-4EB5-B6D3-B244E2F91E92,2040-12-19 12:54:58.230,ac47e572-3f9f-11ec-8706-336d1ac4848e
163,286b8f76-353e-11ec-b873-eedd329acacc,2f95ee14-353d-11ec-9671-eedd329acacc,e6093e17b0be01ef,2040-10-29 13:29:22.401,3ae3a6e8-353e-11ec-9fa1-8523b02e4912
164,82ec035a-3579-11ec-b19b-1a6c70deb5be,5847ace2-324c-11ec-bed2-9a010fca4d91,5bd1fda9e6078acd,2040-10-29 20:34:14.545,98c86e0a-324c-11ec-a204-9da21b625b1f
165,4bc81a48-3e03-11ec-b4ad-0ac980024e64,4bc4a872-3e03-11ec-b4ad-0ac980024e64,FEC0BD6B-B9E5-4092-A5B2-0D98C8C6728E,2040-11-09 17:20:41.886,6bbda098-3e03-11ec-9fba-e1612ca28cf7
166,1e627b1a-5c8b-11ec-b375-528885d94511,1e5fe152-5c8b-11ec-b375-528885d94511,72C28C0D-3986-4DE1-B3D7-D00B738030D7,2040-12-18 13:48:32.161,660d0ae8-5c8b-11ec-a817-74c16eb91a8d
167,bb8079f2-4bdc-11ec-89a8-d22bdb8453e3,aa734a86-4bd2-11ec-9500-c687132219c8,739FDFBD-626A-4B30-A774-2658C8853299,2040-11-27 08:19:55.228,26b303f2-4bd3-11ec-87c1-e517be6df39b
168,b336f476-3320-11ec-bed2-9a010fca4d91,b334ae64-3320-11ec-bed2-9a010fca4d91,f5518b5d5a965c7b,2040-10-26 20:53:28.032,1558551e-3321-11ec-bf95-ce61f5ff7995
169,4c9ad032-3287-11ec-9992-5adc50ad8e5b,aebf6e4c-3284-11ec-9992-5adc50ad8e5b,f5518b5d5a965c7b,2040-10-26 02:35:22.882,bc184e68-3286-11ec-8b7b-83da43ba4362
170,1b10fee2-3313-11ec-b92a-9a010fca4d91,1b0f6a64-3313-11ec-b92a-9a010fca4d91,c7dddaf2e30c33c3,2040-10-26 19:16:09.312,3d918522-3313-11ec-8329-feef32fc5b19
171,56d83f34-3b93-11ec-ae4b-3e81c36b4b01,1b0f6a64-3313-11ec-b92a-9a010fca4d91,e6093e17b0be01ef,2040-11-06 14:54:14.488,3d918522-3313-11ec-8329-feef32fc5b19
172,abd1276c-51b4-11ec-a5d1-42a91f77d458,e7d5af0e-3e08-11ec-a653-0ac980024e64,95A5B66A-21A9-4A70-892F-7F63F0BD0A07,2040-12-04 18:48:16.021,086c0164-3e09-11ec-af1c-166bc3c05ee1
173,78bd1f74-51ce-11ec-b909-86e2d68480b1,b496f4a4-3e1c-11ec-a5b2-9ecc81379b17,c7dddaf2e30c33c3,2040-12-04 21:52:57.240,07bb7218-3e1d-11ec-807f-e967a48dff68
174,a244d9ee-3343-11ec-b19b-1a6c70deb5be,e5d1182c-323e-11ec-9992-5adc50ad8e5b,f5518b5d5a965c7b,2040-10-27 01:03:31.988,4b96e0f6-323f-11ec-b1ea-94bbbdaee87f
175,b5108d5a-53e8-11ec-be6c-9e680d492751,5c5bc238-3e17-11ec-a653-0ac980024e64,4513AEF3-D2B8-483C-97FD-7E6BF7D79312,2040-12-07 14:05:47.691,f3e85cce-3e17-11ec-af04-0cc96973a2b9
176,1a2876ec-58b9-11ec-a384-9e680d492751,1a25445e-58b9-11ec-a384-9e680d492751,CE804573-FDB1-4E0D-ACAC-FAAEE830B4CF,2040-12-13 17:07:37.268,423451ba-58b9-11ec-acc0-4820484bcd89
177,a6f32d40-3700-11ec-b873-eedd329acacc,5847ace2-324c-11ec-bed2-9a010fca4d91,5bd1fda9e6078acd,2040-10-31 19:14:08.211,98c86e0a-324c-11ec-a204-9da21b625b1f
178,c8a21c58-5d39-11ec-859d-9a7c59f654ca,c8a01cf0-5d39-11ec-859d-9a7c59f654ca,577BDABD-865B-4D40-95F8-9D5AEF99B652,2040-12-19 10:38:50.222,99228ec6-5d3a-11ec-aa58-9fdddda51eb7
179,7fadb12c-5cfa-11ec-b574-8a0c7b87547d,02e1d290-3fa4-11ec-ad47-a273009342b9,72a463af4c63ad99,2040-12-19 03:05:49.530,0b940da4-3fa4-11ec-ae44-e418f1ed08b7
180,f04c1bec-5d8d-11ec-a713-9a7c59f654ca,f049b410-5d8d-11ec-a713-9a7c59f654ca,43384899-CB36-45DD-8EDB-A5611BAF9552,2040-12-19 20:41:14.492,49dce0d8-5d8e-11ec-8a71-abc04cf17608
181,8bcd66f8-56e4-11ec-8013-067fc7bb5bd6,33c075e2-41ca-11ec-9500-c687132219c8,0F2F1C57-DE14-4D34-A507-84E6C064607F,2040-12-11 09:13:33.966,73e6789c-41ca-11ec-a8b6-a4c0148ad650
182,8fde4ae2-51cf-11ec-bba4-42a91f77d458,eb3a2e3a-404d-11ec-958a-269185fd6da4,552ED68A-7BD7-4AA7-816A-36468057000D,2040-12-04 22:00:45.542,8faf58a8-51d0-11ec-afe6-e88efaccecbd
183,d07ebea2-330b-11ec-9992-5adc50ad8e5b,03525e6c-3238-11ec-90bc-6e1d7fb94ce5,72a463af4c63ad99,2040-10-26 18:23:57.725,1511e6ea-3238-11ec-baed-db9564ba7148
184,2680757c-3dff-11ec-a9fb-923daff03881,03525e6c-3238-11ec-90bc-6e1d7fb94ce5,72a463af4c63ad99,2040-11-09 16:51:01.354,1511e6ea-3238-11ec-baed-db9564ba7148
185,182562c8-5dab-11ec-ba12-5e789fde3be1,5a421684-5da5-11ec-b436-5e789fde3be1,5bd1fda9e6078acd,2040-12-20 00:09:56.752,b5087784-5da5-11ec-84f0-4b8ba580e745
186,3b111e14-333d-11ec-8f3d-ca1d8b11d726,3b0d77aa-333d-11ec-8f3d-ca1d8b11d726,f5518b5d5a965c7b,2040-10-27 00:17:41.863,eb60082a-333d-11ec-9f80-77b71cd31133
187,d41cf3e4-3fe0-11ec-958a-269185fd6da4,e7d5af0e-3e08-11ec-a653-0ac980024e64,AA97DFB5-2420-41BE-B726-ADD3568E9EFF,2040-11-12 02:19:00.552,086c0164-3e09-11ec-af1c-166bc3c05ee1
188,e48bde92-3fa0-11ec-b162-669934ce5a0c,03525e6c-3238-11ec-90bc-6e1d7fb94ce5,72a463af4c63ad99,2040-11-11 18:41:20.332,1511e6ea-3238-11ec-baed-db9564ba7148
189,ed0ee0b6-3314-11ec-bed2-9a010fca4d91,e5d1182c-323e-11ec-9992-5adc50ad8e5b,f5518b5d5a965c7b,2040-10-26 19:29:11.117,4b96e0f6-323f-11ec-b1ea-94bbbdaee87f
190,3fdce3e2-566a-11ec-97d6-7a717ba63af1,e92079e4-3e20-11ec-a5b2-9ecc81379b17,D574855A-D308-4CB7-B00F-41B4C370F018,2040-12-10 18:38:07.959,320a7c5e-3e21-11ec-8ac5-2ba34ecb720d
191,f0709f50-4364-11ec-b8c5-c2804d2a32b1,b1a9640a-4364-11ec-acc9-9a58024cb2de,E125CC18-9A54-4534-841D-6A7D166C175B,2040-11-16 13:42:15.134,e340d9c6-4364-11ec-a444-e734332dc01d
192,d11fdd92-51c3-11ec-8c7d-2a414ec239b3,e5d1182c-323e-11ec-9992-5adc50ad8e5b,f5518b5d5a965c7b,2040-12-04 20:36:41.063,4b96e0f6-323f-11ec-b1ea-94bbbdaee87f
193,5a44e67a-5da5-11ec-b436-5e789fde3be1,5a421684-5da5-11ec-b436-5e789fde3be1,5bd1fda9e6078acd,2040-12-19 23:28:50.708,b5087784-5da5-11ec-84f0-4b8ba580e745
194,2ac67a92-412d-11ec-bc8b-72d54f8be4d6,e5d1182c-323e-11ec-9992-5adc50ad8e5b,636F40E0-0F4C-4C61-A708-A1C6D8634B43,2040-11-13 17:57:58.862,4b96e0f6-323f-11ec-b1ea-94bbbdaee87f
195,621eb872-51e2-11ec-b909-86e2d68480b1,e92079e4-3e20-11ec-a5b2-9ecc81379b17,7A7939DC-15D5-4BE1-B7DC-95B3F08CF805,2040-12-05 00:15:29.227,320a7c5e-3e21-11ec-8ac5-2ba34ecb720d
196,2b3ae9fc-5e08-11ec-859d-9a7c59f654ca,0a1819aa-4122-11ec-b867-d27cb1cd803d,95C15784-BC03-4EF4-A66E-0E574A222C54,2040-12-20 11:16:11.966,30f4fe9e-4122-11ec-acc7-ef8de78e03cc
197,301211e6-51c2-11ec-86d5-2a414ec239b3,1389ebf2-4367-11ec-89a8-d22bdb8453e3,5bd1fda9e6078acd,2040-12-04 20:25:01.363,26a04a38-4367-11ec-af61-e464f5f6361c
198,5849310c-324c-11ec-bed2-9a010fca4d91,5847ace2-324c-11ec-bed2-9a010fca4d91,5bd1fda9e6078acd,2040-10-25 19:33:22.173,98c86e0a-324c-11ec-a204-9da21b625b1f
199,b22a9d26-3e1f-11ec-af06-26857fb5220e,8a1bf140-3e1f-11ec-a653-0ac980024e64,93AE3291-948E-43D2-8499-CD8DD070DF64,2040-11-09 20:43:59.568,a3fcb9c8-3e1f-11ec-a777-75b999be7f89
200,14ad5518-51dc-11ec-86d5-2a414ec239b3,b496f4a4-3e1c-11ec-a5b2-9ecc81379b17,c7dddaf2e30c33c3,2040-12-04 23:30:22.319,07bb7218-3e1d-11ec-807f-e967a48dff68
201,9cc77ff4-5e49-11ec-8043-a250eecfded7,e92079e4-3e20-11ec-a5b2-9ecc81379b17,2141900D-269C-4B39-A600-9B38000ABD61,2040-12-20 19:04:39.758,320a7c5e-3e21-11ec-8ac5-2ba34ecb720d
202,fc95f600-4151-11ec-ba2f-c2804d2a32b1,02e1d290-3fa4-11ec-ad47-a273009342b9,71C3DB51-B99B-4868-8268-F0B4769C06F8,2040-11-13 22:21:32.747,0b940da4-3fa4-11ec-ae44-e418f1ed08b7
203,418b97e6-3e01-11ec-b701-923daff03881,e6d0a902-354c-11ec-8f3d-ca1d8b11d726,5bd1fda9e6078acd,2040-11-09 17:06:05.719,fcd85ac4-354c-11ec-8a67-a069389d8a76
204,c4036b3a-5e0f-11ec-a0d8-a250eecfded7,c4016a42-5e0f-11ec-a0d8-a250eecfded7,67CFBF1C-2418-4084-B02E-C7C7A2464841,2040-12-20 12:10:34.771,dad9cdd6-5e0f-11ec-bb3e-b55273e2ca17
205,138c0694-4367-11ec-89a8-d22bdb8453e3,1389ebf2-4367-11ec-89a8-d22bdb8453e3,13985384-8114-4F60-B35A-DEF8EC710464,2040-11-16 13:57:33.027,26a04a38-4367-11ec-af61-e464f5f6361c
206,da23043f-3240-11ec-b301-4ccc6afa8976,d9632faf-3240-11ec-b112-4ccc6afa8976,,2040-10-25 18:11:06.065,eff78ff4-324b-11ec-8a7a-9284af838714
207,268485f0-5654-11ec-98c0-7a717ba63af1,81535c4e-3e18-11ec-b4ad-0ac980024e64,B805D84D-EA0A-48D2-8DB4-BA898E9E31EF,2040-12-10 15:59:56.509,86cf42e0-3e19-11ec-8ca4-e0c4d5ea46e8
208,67e3d412-52e7-11ec-a01a-9aa5b3327e81,0a1819aa-4122-11ec-b867-d27cb1cd803d,1B47CEA5-4608-4979-B0A4-2AC1EEA434D7,2040-12-06 07:23:57.554,30f4fe9e-4122-11ec-acc7-ef8de78e03cc
209,9d075124-333d-11ec-b19b-1a6c70deb5be,5847ace2-324c-11ec-bed2-9a010fca4d91,849e7e8833a8b9a8,2040-10-27 00:20:26.215,98c86e0a-324c-11ec-a204-9da21b625b1f
210,b2532846-4bd4-11ec-89a8-d22bdb8453e3,b250542c-4bd4-11ec-89a8-d22bdb8453e3,5F093CDB-5825-4978-A3FF-17AAA9A38E70,2040-11-27 07:22:23.858,ee248f30-4bd5-11ec-9b73-dd21c2b4b8f3
211,0dc2d16a-3e18-11ec-8b21-26857fb5220e,5847ace2-324c-11ec-bed2-9a010fca4d91,3C51719F-BCFE-4C8D-B6A4-C994EEFB3825,2040-11-09 19:49:17.264,98c86e0a-324c-11ec-a204-9da21b625b1f
212,7bb2cc42-5dfe-11ec-8599-5e789fde3be1,1a25445e-58b9-11ec-a384-9e680d492751,CE804573-FDB1-4E0D-ACAC-FAAEE830B4CF,2040-12-20 10:06:52.002,423451ba-58b9-11ec-acc0-4820484bcd89
213,38a527b2-5654-11ec-89fe-528885d94511,5c5bc238-3e17-11ec-a653-0ac980024e64,bfaf376e97f88270,2040-12-10 16:00:26.922,f3e85cce-3e17-11ec-af04-0cc96973a2b9
214,af433c31-3279-11ec-875a-4ccc6afa8976,88e7c6b9-323d-11ec-a8b0-4ccc6afa8976,,2040-10-26 00:57:55.444,d1677ee0-323d-11ec-bd52-c72d60dcf1c1
215,12b7400a-331b-11ec-bed2-9a010fca4d91,12b5eb10-331b-11ec-bed2-9a010fca4d91,5bd1fda9e6078acd,2040-10-26 20:13:11.276,30ecc4be-331b-11ec-8b7c-4f667ee55425
216,8ddda61e-51e0-11ec-a01a-9aa5b3327e81,e7d5af0e-3e08-11ec-a653-0ac980024e64,CF9B7171-5185-4610-91B7-EBC662B2C361,2040-12-05 00:02:23.627,086c0164-3e09-11ec-af1c-166bc3c05ee1
217,89a731a8-323d-11ec-9940-4ccc6afa8976,88e7c6b9-323d-11ec-a8b0-4ccc6afa8976,,2040-10-25 17:47:22.545,d1677ee0-323d-11ec-bd52-c72d60dcf1c1
218,78b08b9a-5d8d-11ec-8043-a250eecfded7,1f165330-5cfc-11ec-bab4-e653f6f7ea85,5bd1fda9e6078acd,2040-12-19 20:37:53.824,2e16b622-5cfc-11ec-b1e7-02405c521067
219,0b9552ca-5716-11ec-89fe-528885d94511,02e1d290-3fa4-11ec-ad47-a273009342b9,05ade96298bd404f,2040-12-11 15:07:53.686,0b940da4-3fa4-11ec-ae44-e418f1ed08b7
220,f9087ed0-4071-11ec-944d-a273009342b9,d4ade27c-404a-11ec-958a-269185fd6da4,5bd1fda9e6078acd,2040-11-12 19:37:59.520,f5e3ff62-404a-11ec-9d8e-ae78fe1d0ad6
221,f1a76022-4be6-11ec-b269-9a58024cb2de,f1a4e2c0-4be6-11ec-b269-9a58024cb2de,E44470B5-A81F-4239-9BE5-1786C37061F0,2040-11-27 09:33:01.047,2a62ccd0-4be7-11ec-927f-6becf3f7aa96
222,f215654e-4147-11ec-89a8-d22bdb8453e3,1c9eb906-3e1d-11ec-95d6-6e7b990e60c1,7866F31F-B4AE-4C20-9B54-47C2B6435266,2040-11-13 21:09:40.160,69881ffa-3e22-11ec-a810-ddc3ee85e7df
223,f3303e64-3e1c-11ec-8b21-26857fb5220e,b496f4a4-3e1c-11ec-a5b2-9ecc81379b17,A7C6BB13-5FFF-4921-8E93-DD04AB1E32B9,2040-11-09 20:24:20.166,07bb7218-3e1d-11ec-807f-e967a48dff68
224,5889f376-5d2c-11ec-859d-9a7c59f654ca,1ebea1ba-5d2b-11ec-99b2-ea50d5d14cfa,2AA02353-D24C-4F0D-A82F-14A2711BCEB3,2040-12-19 09:02:38.701,63e9de3a-5d2b-11ec-b1f8-3dbcbf52b9bb
225,4a93ddbc-5c8d-11ec-acf0-9e680d492751,4a916b40-5c8d-11ec-acf0-9e680d492751,DA9AE09A-78C5-4263-8C28-2C4EAEDCD450,2040-12-18 14:04:05.298,5ff396e8-5c8d-11ec-8aa2-cd4c88b50ad0
226,aec19776-3284-11ec-9992-5adc50ad8e5b,aebf6e4c-3284-11ec-9992-5adc50ad8e5b,f5518b5d5a965c7b,2040-10-26 02:16:39.063,bc184e68-3286-11ec-8b7b-83da43ba4362
227,e7cedb52-3804-11ec-9e3a-ca1d8b11d726,5847ace2-324c-11ec-bed2-9a010fca4d91,5bd1fda9e6078acd,2040-11-02 02:17:06.175,98c86e0a-324c-11ec-a204-9da21b625b1f
228,6e701b40-3340-11ec-9671-eedd329acacc,e5d1182c-323e-11ec-9992-5adc50ad8e5b,f5518b5d5a965c7b,2040-10-27 00:40:36.540,4b96e0f6-323f-11ec-b1ea-94bbbdaee87f
229,f134607e-571a-11ec-97d6-7a717ba63af1,0140b45e-4348-11ec-acc9-9a58024cb2de,041A9976-1680-4827-A4B6-3E3965D5C5A6,2040-12-11 15:42:56.914,3ba443ea-4348-11ec-b120-40d7b2fee6a6
230,e7d7eba2-3e08-11ec-a653-0ac980024e64,e7d5af0e-3e08-11ec-a653-0ac980024e64,1616ED9B-2ED4-4A1E-8774-497F94DE136A,2040-11-09 18:00:51.198,086c0164-3e09-11ec-af1c-166bc3c05ee1
231,ffe60f86-41d1-11ec-ba2f-c2804d2a32b1,2f3c57fc-3244-11ec-b271-4ccc6afa8976,3C51719F-BCFE-4C8D-B6A4-C994EEFB3825,2040-11-14 13:37:53.887,df44d206-330f-11ec-b222-6fc08f95f7ab
232,f77222f4-4078-11ec-9f5d-269185fd6da4,1b0f6a64-3313-11ec-b92a-9a010fca4d91,c7dddaf2e30c33c3,2040-11-12 20:28:03.334,3d918522-3313-11ec-8329-feef32fc5b19
233,eae7a0c8-5e4a-11ec-8043-a250eecfded7,6b534c3a-5653-11ec-8013-067fc7bb5bd6,bfaf376e97f88270,2040-12-20 19:14:00.327,b2a9f62e-5653-11ec-811a-8d9a3831ba42
234,8a1edbde-5dec-11ec-96b4-5e789fde3be1,1a25445e-58b9-11ec-a384-9e680d492751,CE804573-FDB1-4E0D-ACAC-FAAEE830B4CF,2040-12-20 07:58:25.257,423451ba-58b9-11ec-acc0-4820484bcd89
235,fe3e78a2-5cf3-11ec-a036-8a0c7b87547d,e6d0a902-354c-11ec-8f3d-ca1d8b11d726,447953F0-EC35-4F1D-AA0A-CEBE161A799B,2040-12-19 02:19:15.395,fcd85ac4-354c-11ec-8a67-a069389d8a76
236,8957e284-51cd-11ec-8c7d-2a414ec239b3,1389ebf2-4367-11ec-89a8-d22bdb8453e3,5bd1fda9e6078acd,2040-12-04 21:46:15.601,26a04a38-4367-11ec-af61-e464f5f6361c
237,8def783c-3316-11ec-bed2-9a010fca4d91,03525e6c-3238-11ec-90bc-6e1d7fb94ce5,72a463af4c63ad99,2040-10-26 19:40:50.521,1511e6ea-3238-11ec-baed-db9564ba7148
238,e7d8b420-3286-11ec-9992-5adc50ad8e5b,e7d74f04-3286-11ec-9992-5adc50ad8e5b,c7dddaf2e30c33c3,2040-10-26 02:32:33.838,2350f594-3287-11ec-9bc4-d0dbea1a278a
239,674c94b8-404e-11ec-958a-269185fd6da4,eb3a2e3a-404d-11ec-958a-269185fd6da4,f5518b5d5a965c7b,2040-11-12 15:23:22.633,8faf58a8-51d0-11ec-afe6-e88efaccecbd
240,332893ac-3e24-11ec-a653-0ac980024e64,33273f02-3e24-11ec-a653-0ac980024e64,9E8ADDAB-4CFA-4073-A6CE-BD72CCFCD2C0,2040-11-09 21:16:13.967,4fb96794-3e24-11ec-8fa2-eaabe3d3895a
241,61b02b2c-5d91-11ec-859d-9a7c59f654ca,3dc7af96-5d91-11ec-8043-a250eecfded7,5bd1fda9e6078acd,2040-12-19 21:05:53.221,4c00270a-5d91-11ec-8ef7-c42b70ceb075
242,3914a6ee-56ba-11ec-be6c-9e680d492751,0539b938-4191-11ec-ba2f-c2804d2a32b1,9175A870-840D-4E5D-9BC0-81E499FFBC8E,2040-12-11 04:10:36.319,4207fabe-4191-11ec-a39e-becb1c27bf8c
243,a5eab145-323d-11ec-8192-4ccc6afa8976,88e7c6b9-323d-11ec-a8b0-4ccc6afa8976,,2040-10-25 17:48:09.964,d1677ee0-323d-11ec-bd52-c72d60dcf1c1
244,0baa18b8-564e-11ec-be6c-9e680d492751,e5d1182c-323e-11ec-9992-5adc50ad8e5b,a01a0f8d791ff7d8,2040-12-10 15:16:14.477,4b96e0f6-323f-11ec-b1ea-94bbbdaee87f
245,aa75781a-4bd2-11ec-9500-c687132219c8,aa734a86-4bd2-11ec-9500-c687132219c8,739FDFBD-626A-4B30-A774-2658C8853299,2040-11-27 07:07:51.667,26b303f2-4bd3-11ec-87c1-e517be6df39b
246,8faa5c86-4069-11ec-944d-a273009342b9,e7d5af0e-3e08-11ec-a653-0ac980024e64,C070F286-045A-453A-B8C6-806F8248A94B,2040-11-12 18:37:46.768,086c0164-3e09-11ec-af1c-166bc3c05ee1
247,9d0e4362-4364-11ec-b8c5-c2804d2a32b1,449360d4-41d2-11ec-ba2f-c2804d2a32b1,E125CC18-9A54-4534-841D-6A7D166C175B,2040-11-16 13:39:55.238,b3daa98e-41d2-11ec-b888-6013ed8304ff
248,fc39dc6c-4156-11ec-89a8-d22bdb8453e3,e7d5af0e-3e08-11ec-a653-0ac980024e64,C070F286-045A-453A-B8C6-806F8248A94B,2040-11-13 22:57:19.628,086c0164-3e09-11ec-af1c-166bc3c05ee1
249,f3afcf62-5da7-11ec-8043-a250eecfded7,b1a9640a-4364-11ec-acc9-9a58024cb2de,9F112C92-7150-4565-8076-6CFCF5313C6C,2040-12-19 23:47:27.094,e340d9c6-4364-11ec-a444-e734332dc01d
250,3ecc1c8e-56ba-11ec-97d6-7a717ba63af1,33c075e2-41ca-11ec-9500-c687132219c8,29503DF7-031F-4122-950B-7EC52AD876BC,2040-12-11 04:10:45.910,73e6789c-41ca-11ec-a8b6-a4c0148ad650
251,440a5414-3288-11ec-a715-5adc50ad8e5b,440861cc-3288-11ec-a715-5adc50ad8e5b,f5518b5d5a965c7b,2040-10-26 02:42:18.010,745f49f8-3288-11ec-b6d7-04912a3f45ac
252,ddbd88fc-5e10-11ec-859d-9a7c59f654ca,c4016a42-5e0f-11ec-a0d8-a250eecfded7,67CFBF1C-2418-4084-B02E-C7C7A2464841,2040-12-20 12:18:27.430,dad9cdd6-5e0f-11ec-bb3e-b55273e2ca17
253,8daaeffe-4ce9-11ec-89a8-d22bdb8453e3,e92079e4-3e20-11ec-a5b2-9ecc81379b17,FFA9D35E-51B1-44E4-AE85-A4C95F4253A6,2040-11-28 16:24:12.951,320a7c5e-3e21-11ec-8ac5-2ba34ecb720d
254,b498ff2e-3e1c-11ec-a5b2-9ecc81379b17,b496f4a4-3e1c-11ec-a5b2-9ecc81379b17,A7C6BB13-5FFF-4921-8E93-DD04AB1E32B9,2040-11-09 20:22:35.156,07bb7218-3e1d-11ec-807f-e967a48dff68
255,df27d470-3239-11ec-bed2-9a010fca4d91,df24a4a8-3239-11ec-bed2-9a010fca4d91,72a463af4c63ad99,2040-10-25 17:21:08.008,ac47e572-3f9f-11ec-8706-336d1ac4848e
256,7a0e1210-4626-11ec-9a4b-c687132219c8,7a0ae39c-4626-11ec-9a4b-c687132219c8,82C6AAB8-4BE2-46D2-BCD8-BB2925914646,2040-11-20 01:52:41.208,1f72bb52-4627-11ec-9b1b-66de6f72b2fe
257,5265a4f2-51bc-11ec-8c7d-2a414ec239b3,02e1d290-3fa4-11ec-ad47-a273009342b9,72a463af4c63ad99,2040-12-04 19:43:01.973,0b940da4-3fa4-11ec-ae44-e418f1ed08b7
258,e7917872-5ce2-11ec-b375-528885d94511,e78f8b34-5ce2-11ec-b375-528885d94511,EF709FE0-4282-4986-B4AC-39CE9DA7055F,2040-12-19 00:16:55.907,3b52024c-5ce3-11ec-9b07-8f227066fbad
259,7e93c304-4c3c-11ec-9500-c687132219c8,e6d0a902-354c-11ec-8f3d-ca1d8b11d726,5bd1fda9e6078acd,2040-11-27 19:45:24.699,fcd85ac4-354c-11ec-8a67-a069389d8a76
260,ddabb2ce-32e8-11ec-9992-5adc50ad8e5b,5847ace2-324c-11ec-bed2-9a010fca4d91,5bd1fda9e6078acd,2040-10-26 14:13:47.445,98c86e0a-324c-11ec-a204-9da21b625b1f
261,7f643782-43a4-11ec-89a8-d22bdb8453e3,1c9eb906-3e1d-11ec-95d6-6e7b990e60c1,f5518b5d5a965c7b,2040-11-16 21:17:13.260,69881ffa-3e22-11ec-a810-ddc3ee85e7df
262,35c76b12-407f-11ec-ad47-a273009342b9,35c518f8-407f-11ec-ad47-a273009342b9,49D198D7-7C00-4D4C-ABF8-95C132CE46A3,2040-11-12 21:12:44.892,6de0cc28-407f-11ec-983a-242accf03efa
263,39b006fa-56f3-11ec-90b4-7a717ba63af1,b1a9640a-4364-11ec-acc9-9a58024cb2de,29C7B910-EBF0-4AB1-B39E-9AABA1BF5FF6,2040-12-11 10:58:38.651,e340d9c6-4364-11ec-a444-e734332dc01d
264,c55557ea-3e1c-11ec-a653-0ac980024e64,b496f4a4-3e1c-11ec-a5b2-9ecc81379b17,A7C6BB13-5FFF-4921-8E93-DD04AB1E32B9,2040-11-09 20:23:03.234,07bb7218-3e1d-11ec-807f-e967a48dff68
265,2ffc2c9f-3244-11ec-9b74-4ccc6afa8976,2f3c57fc-3244-11ec-b271-4ccc6afa8976,,2040-10-25 18:34:58.584,df44d206-330f-11ec-b222-6fc08f95f7ab
266,40a3d3a6-4005-11ec-b162-669934ce5a0c,1c9eb906-3e1d-11ec-95d6-6e7b990e60c1,01CAEA6A-5139-4857-A6F1-1E68794EE3FE,2040-11-12 06:39:44.512,69881ffa-3e22-11ec-a810-ddc3ee85e7df
267,5cfc57bc-531a-11ec-a01a-9aa5b3327e81,33c075e2-41ca-11ec-9500-c687132219c8,20E540E4-21E0-4B86-99ED-9A18133F14EC,2040-12-06 13:28:43.593,73e6789c-41ca-11ec-a8b6-a4c0148ad650
268,c6a77cb2-3288-11ec-bed2-9a010fca4d91,c6a60f08-3288-11ec-bed2-9a010fca4d91,c7dddaf2e30c33c3,2040-10-26 02:45:57.143,0acdc93c-3289-11ec-8288-37b3a133648b
269,40c651ca-3311-11ec-9922-5adc50ad8e5b,40c3eda4-3311-11ec-9922-5adc50ad8e5b,5bd1fda9e6078acd,2040-10-26 19:02:53.583,537434f4-3311-11ec-a869-2be28de0cf2b
270,41093aca-3579-11ec-9e3a-ca1d8b11d726,e5d1182c-323e-11ec-9992-5adc50ad8e5b,f5518b5d5a965c7b,2040-10-29 20:32:24.007,4b96e0f6-323f-11ec-b1ea-94bbbdaee87f
271,a4000340-56ce-11ec-be6c-9e680d492751,35c518f8-407f-11ec-ad47-a273009342b9,90DDA631-1D7C-49DE-9671-9E12941AEF02,2040-12-11 06:36:45.635,6de0cc28-407f-11ec-983a-242accf03efa
272,67f2514e-4299-11ec-acc9-9a58024cb2de,e5d1182c-323e-11ec-9992-5adc50ad8e5b,CF9B7171-5185-4610-91B7-EBC662B2C361,2040-11-15 13:25:18.299,4b96e0f6-323f-11ec-b1ea-94bbbdaee87f
273,d888f8b8-5cf7-11ec-b9ae-9a6e613be458,ca24fff0-3e94-11ec-958a-269185fd6da4,CF9B7171-5185-4610-91B7-EBC662B2C361,2040-12-19 02:46:50.116,774f3b62-3e97-11ec-a752-999697ce82c9
274,c0e0ac2c-5cf9-11ec-b7a4-9a6e613be458,81535c4e-3e18-11ec-b4ad-0ac980024e64,1A5F024A-5501-4168-9C6A-1815086B0B92,2040-12-19 03:00:29.419,86cf42e0-3e19-11ec-8ca4-e0c4d5ea46e8
275,5f1bdd7a-3e97-11ec-958a-269185fd6da4,ca24fff0-3e94-11ec-958a-269185fd6da4,FEC0BD6B-B9E5-4092-A5B2-0D98C8C6728E,2040-11-10 11:00:39.828,774f3b62-3e97-11ec-a752-999697ce82c9
276,60196832-356e-11ec-9d8e-1a6c70deb5be,e6d0a902-354c-11ec-8f3d-ca1d8b11d726,5bd1fda9e6078acd,2040-10-29 19:14:31.657,fcd85ac4-354c-11ec-8a67-a069389d8a76
277,5bd0dc3a-5d8f-11ec-8043-a250eecfded7,5bced16a-5d8f-11ec-8043-a250eecfded7,5bd1fda9e6078acd,2040-12-19 20:51:24.375,7bf015da-5d8f-11ec-8f57-c3069be9ff97
278,9aadf5a6-51d1-11ec-86d5-2a414ec239b3,1389ebf2-4367-11ec-89a8-d22bdb8453e3,5bd1fda9e6078acd,2040-12-04 22:15:22.674,26a04a38-4367-11ec-af61-e464f5f6361c
279,1ca15012-3e1d-11ec-95d6-6e7b990e60c1,1c9eb906-3e1d-11ec-95d6-6e7b990e60c1,43821F4D-CF45-4060-8E2E-45E3E29EAC42,2040-11-09 20:25:29.694,69881ffa-3e22-11ec-a810-ddc3ee85e7df
280,7116bb98-3321-11ec-9922-5adc50ad8e5b,7113dcc0-3321-11ec-9922-5adc50ad8e5b,f5518b5d5a965c7b,2040-10-26 20:58:46.588,5ed2c3d6-3322-11ec-96e6-b73ed3eda142
281,d5e0b036-428c-11ec-ba2f-c2804d2a32b1,e5d1182c-323e-11ec-9992-5adc50ad8e5b,8831278A-F385-43D7-BB89-0B68AB5FF900,2040-11-15 11:55:19.276,4b96e0f6-323f-11ec-b1ea-94bbbdaee87f
282,0f9cd4ee-5be7-11ec-9550-067fc7bb5bd6,0f9ac53c-5be7-11ec-9550-067fc7bb5bd6,E0A650FF-ECCE-4247-81A4-26270DF9CF98,2040-12-17 18:14:09.914,eec86bb0-5be7-11ec-a123-65ad0cd02606
283,9a343208-3d62-11ec-ae4b-3e81c36b4b01,e5d1182c-323e-11ec-9992-5adc50ad8e5b,f5518b5d5a965c7b,2040-11-08 22:10:24.483,4b96e0f6-323f-11ec-b1ea-94bbbdaee87f
284,3b2af1d2-3567-11ec-9d8e-1a6c70deb5be,e5d1182c-323e-11ec-9992-5adc50ad8e5b,f5518b5d5a965c7b,2040-10-29 18:23:23.221,4b96e0f6-323f-11ec-b1ea-94bbbdaee87f
285,b135fa34-331e-11ec-9922-5adc50ad8e5b,5847ace2-324c-11ec-bed2-9a010fca4d91,5bd1fda9e6078acd,2040-10-26 20:39:05.677,98c86e0a-324c-11ec-a204-9da21b625b1f
286,46edef86-4c39-11ec-9500-c687132219c8,e5d1182c-323e-11ec-9992-5adc50ad8e5b,f5518b5d5a965c7b,2040-11-27 19:22:22.848,4b96e0f6-323f-11ec-b1ea-94bbbdaee87f
287,68d9131c-5da7-11ec-859d-9a7c59f654ca,5a421684-5da5-11ec-b436-5e789fde3be1,5bd1fda9e6078acd,2040-12-19 23:43:34.161,b5087784-5da5-11ec-84f0-4b8ba580e745
288,370c4d40-4367-11ec-acc9-9a58024cb2de,1389ebf2-4367-11ec-89a8-d22bdb8453e3,13985384-8114-4F60-B35A-DEF8EC710464,2040-11-16 13:58:32.588,26a04a38-4367-11ec-af61-e464f5f6361c
289,7828b314-3317-11ec-b92a-9a010fca4d91,7826d21a-3317-11ec-b92a-9a010fca4d91,e6093e17b0be01ef,2040-10-26 19:47:23.483,caf68e22-3317-11ec-b992-c183bb5a0aba
290,a46ed13a-51ba-11ec-b909-86e2d68480b1,e7d74f04-3286-11ec-9992-5adc50ad8e5b,37619791-129C-400C-82DC-1502B926482E,2040-12-04 19:31:00.612,2350f594-3287-11ec-9bc4-d0dbea1a278a
291,3af1f4e2-5c8e-11ec-b375-528885d94511,4a916b40-5c8d-11ec-acf0-9e680d492751,DA9AE09A-78C5-4263-8C28-2C4EAEDCD450,2040-12-18 14:10:48.568,5ff396e8-5c8d-11ec-8aa2-cd4c88b50ad0
292,5d9b51e6-3e20-11ec-b4ad-0ac980024e64,e5d1182c-323e-11ec-9992-5adc50ad8e5b,f5518b5d5a965c7b,2040-11-09 20:48:47.197,4b96e0f6-323f-11ec-b1ea-94bbbdaee87f
293,9bd470f4-3287-11ec-bed2-9a010fca4d91,9bd2a9cc-3287-11ec-bed2-9a010fca4d91,f5518b5d5a965c7b,2040-10-26 02:37:35.800,af4f58a6-3287-11ec-9032-62ed03babd49
294,ec73ba08-5d5a-11ec-8043-a250eecfded7,b496f4a4-3e1c-11ec-a5b2-9ecc81379b17,c7dddaf2e30c33c3,2040-12-19 14:36:03.708,07bb7218-3e1d-11ec-807f-e967a48dff68
295,04108f54-4386-11ec-9a8e-d22bdb8453e3,a901448e-4054-11ec-bff5-669934ce5a0c,1AB751A7-3CA4-44D4-AC9C-F21F83F7B256,2040-11-16 17:39:01.450,0a797542-4055-11ec-b470-35f604c8d212
296,a6b7aedc-55e6-11ec-b375-528885d94511,a6b55498-55e6-11ec-b375-528885d94511,50C86BD3-D70B-467A-AD04-88937D8631C8,2040-12-10 02:56:06.953,bc8c628e-55e6-11ec-bc05-1e9e9f29ac54
297,3dc963a4-5d91-11ec-8043-a250eecfded7,3dc7af96-5d91-11ec-8043-a250eecfded7,5bd1fda9e6078acd,2040-12-19 21:04:52.988,4c00270a-5d91-11ec-8ef7-c42b70ceb075
298,2f21de8a-407c-11ec-958a-269185fd6da4,2f1f3c70-407c-11ec-958a-269185fd6da4,f67d7cbc93cdf3ea,2040-11-12 20:51:05.250,51ddb6b0-407c-11ec-b312-c1f9cdf12ba7
299,5c5d3924-3e17-11ec-a653-0ac980024e64,5c5bc238-3e17-11ec-a653-0ac980024e64,CD41DE74-00BC-456C-8F51-2AD10377EDDC,2040-11-09 19:44:19.641,f3e85cce-3e17-11ec-af04-0cc96973a2b9
300,c1de5e5c-4c3d-11ec-9500-c687132219c8,e92079e4-3e20-11ec-a5b2-9ecc81379b17,093E387D-2B60-4930-B543-6B77B2D7008E,2040-11-27 19:54:27.092,320a7c5e-3e21-11ec-8ac5-2ba34ecb720d
301,e8bb4976-5715-11ec-90b4-7a717ba63af1,df24a4a8-3239-11ec-bed2-9a010fca4d91,05ade96298bd404f,2040-12-11 15:06:55.214,ac47e572-3f9f-11ec-8706-336d1ac4848e
302,e5d3ae02-323e-11ec-9992-5adc50ad8e5b,e5d1182c-323e-11ec-9992-5adc50ad8e5b,f5518b5d5a965c7b,2040-10-25 17:57:06.685,4b96e0f6-323f-11ec-b1ea-94bbbdaee87f
303,9ff10d5e-3244-11ec-9f8e-4ccc6afa8976,2f3c57fc-3244-11ec-b271-4ccc6afa8976,,2040-10-25 18:38:06.415,df44d206-330f-11ec-b222-6fc08f95f7ab
304,549abb04-51d5-11ec-8d10-86e2d68480b1,02e1d290-3fa4-11ec-ad47-a273009342b9,72a463af4c63ad99,2040-12-04 22:42:03.094,0b940da4-3fa4-11ec-ae44-e418f1ed08b7
305,a43ab076-5da9-11ec-859d-9a7c59f654ca,b496f4a4-3e1c-11ec-a5b2-9ecc81379b17,c7dddaf2e30c33c3,2040-12-19 23:59:32.780,07bb7218-3e1d-11ec-807f-e967a48dff68
306,eb3b907c-404d-11ec-958a-269185fd6da4,eb3a2e3a-404d-11ec-958a-269185fd6da4,188FA448-0EE9-470A-B037-7E7A12C49761,2040-11-12 15:19:54.484,8faf58a8-51d0-11ec-afe6-e88efaccecbd
307,1b9f43bc-5714-11ec-90b4-7a717ba63af1,2f1f3c70-407c-11ec-958a-269185fd6da4,ab770e66a0649ce3,2040-12-11 14:54:01.602,51ddb6b0-407c-11ec-b312-c1f9cdf12ba7
308,b3785386-3284-11ec-9992-5adc50ad8e5b,aebf6e4c-3284-11ec-9992-5adc50ad8e5b,f5518b5d5a965c7b,2040-10-26 02:16:46.971,bc184e68-3286-11ec-8b7b-83da43ba4362
309,02e435f8-3fa4-11ec-ad47-a273009342b9,02e1d290-3fa4-11ec-ad47-a273009342b9,72a463af4c63ad99,2040-11-11 19:03:39.733,0b940da4-3fa4-11ec-ae44-e418f1ed08b7
310,79ce6d86-4162-11ec-ba2f-c2804d2a32b1,a901448e-4054-11ec-bff5-669934ce5a0c,FCF67330-3B6D-4A83-92E2-859A7C802D03,2040-11-14 00:19:34.780,0a797542-4055-11ec-b470-35f604c8d212
311,a30fea3c-5e25-11ec-a713-9a7c59f654ca,5c5bc238-3e17-11ec-a653-0ac980024e64,4513AEF3-D2B8-483C-97FD-7E6BF7D79312,2040-12-20 14:47:08.416,f3e85cce-3e17-11ec-af04-0cc96973a2b9
312,017b41f0-5cfc-11ec-b2a4-8abcf64c4e42,d9632faf-3240-11ec-b112-4ccc6afa8976,5A3BD121-89D9-498D-A0CB-7EDC0C50DFDD,2040-12-19 03:16:36.800,eff78ff4-324b-11ec-8a7a-9284af838714
313,f575cf84-5651-11ec-9550-067fc7bb5bd6,b1a9640a-4364-11ec-acc9-9a58024cb2de,d7de1be402a328cf,2040-12-10 15:44:15.211,e340d9c6-4364-11ec-a444-e734332dc01d
314,e7b67dc0-3e24-11ec-a88f-6e7b990e60c1,1b0f6a64-3313-11ec-b92a-9a010fca4d91,1878CB82-5017-4908-B6C7-2F71017EDABC,2040-11-09 21:21:16.887,3d918522-3313-11ec-8329-feef32fc5b19
315,a29094c2-5d57-11ec-99b2-ea50d5d14cfa,b496f4a4-3e1c-11ec-a5b2-9ecc81379b17,c7dddaf2e30c33c3,2040-12-19 14:12:31.255,07bb7218-3e1d-11ec-807f-e967a48dff68
316,a4405966-51e9-11ec-8c7d-2a414ec239b3,b496f4a4-3e1c-11ec-a5b2-9ecc81379b17,c7dddaf2e30c33c3,2040-12-05 01:07:26.654,07bb7218-3e1d-11ec-807f-e967a48dff68
317,7ba7c0b8-5cf5-11ec-b1b0-9a6e613be458,1389ebf2-4367-11ec-89a8-d22bdb8453e3,3E28CA20-6C4B-45EB-B805-C9BBB8BDA0A1,2040-12-19 02:29:55.296,26a04a38-4367-11ec-af61-e464f5f6361c
318,451a4e6e-5406-11ec-97d6-7a717ba63af1,5c5bc238-3e17-11ec-a653-0ac980024e64,78551384-6940-41AE-8951-5019ECEBBADA,2040-12-07 17:37:24.752,f3e85cce-3e17-11ec-af04-0cc96973a2b9
319,e31295a2-3342-11ec-b873-eedd329acacc,e5d1182c-323e-11ec-9992-5adc50ad8e5b,f5518b5d5a965c7b,2040-10-27 00:58:11.214,4b96e0f6-323f-11ec-b1ea-94bbbdaee87f
320,bdb12718-413b-11ec-8206-8e42cef0701a,1c9eb906-3e1d-11ec-95d6-6e7b990e60c1,9A7EA777-3D98-4C76-BDAB-E68E9D953FE2,2040-11-13 19:42:18.301,69881ffa-3e22-11ec-a810-ddc3ee85e7df
321,3c3ff22c-328b-11ec-9922-5adc50ad8e5b,5847ace2-324c-11ec-bed2-9a010fca4d91,5bd1fda9e6078acd,2040-10-26 03:03:33.430,98c86e0a-324c-11ec-a204-9da21b625b1f
322,acbafe1e-5934-11ec-b375-528885d94511,acb8ad58-5934-11ec-b375-528885d94511,4E82381A-63EA-4439-94D8-C2EFE6B83437,2040-12-14 07:52:11.274,
323,a5b36686-4e5a-11ec-acc9-9a58024cb2de,a5b0537e-4e5a-11ec-acc9-9a58024cb2de,066465A0-EA9A-454D-8D20-321FD8C8F4BE,2040-11-30 12:26:17.565,e0a78ae2-4e5a-11ec-8ec2-a2ea2ca4bbe7
324,8a1d94a0-3e1f-11ec-a653-0ac980024e64,8a1bf140-3e1f-11ec-a653-0ac980024e64,93AE3291-948E-43D2-8499-CD8DD070DF64,2040-11-09 20:42:52.373,a3fcb9c8-3e1f-11ec-a777-75b999be7f89
325,6694c234-51ba-11ec-804e-9aa5b3327e81,66929f54-51ba-11ec-804e-9aa5b3327e81,C200624D-50B4-493D-8A76-A11BBE0FF0FC,2040-12-04 19:29:16.842,87cc8630-51ba-11ec-8401-8a1eed32e025
326,d5dd6782-5ddf-11ec-a713-9a7c59f654ca,d5db7a3a-5ddf-11ec-a713-9a7c59f654ca,60063E0B-174E-4DE0-A013-B53D671EB682,2040-12-20 06:27:28.878,f8ca73f2-5ddf-11ec-b4be-2b1173db8e88
327,8ccd1cc6-3e05-11ec-a5b2-9ecc81379b17,4bc4a872-3e03-11ec-b4ad-0ac980024e64,FEC0BD6B-B9E5-4092-A5B2-0D98C8C6728E,2040-11-09 17:36:49.964,6bbda098-3e03-11ec-9fba-e1612ca28cf7
328,7fa92cf0-4be4-11ec-89a8-d22bdb8453e3,7fa774aa-4be4-11ec-89a8-d22bdb8453e3,F99FB749-F7D8-44B8-AF4E-EDA460562752,2040-11-27 09:15:30.805,a2380034-4be4-11ec-8a8a-f97b5077e4e7
329,4639f43c-51ce-11ec-b909-86e2d68480b1,e5d1182c-323e-11ec-9992-5adc50ad8e5b,f5518b5d5a965c7b,2040-12-04 21:51:32.494,4b96e0f6-323f-11ec-b1ea-94bbbdaee87f
330,d7fd1ef4-3251-11ec-9922-5adc50ad8e5b,03525e6c-3238-11ec-90bc-6e1d7fb94ce5,72a463af4c63ad99,2040-10-25 20:12:43.906,1511e6ea-3238-11ec-baed-db9564ba7148
331,adc3b676-32f5-11ec-a715-5adc50ad8e5b,5847ace2-324c-11ec-bed2-9a010fca4d91,5bd1fda9e6078acd,2040-10-26 15:45:30.529,98c86e0a-324c-11ec-a204-9da21b625b1f
332,bcb3ad88-3284-11ec-bed2-9a010fca4d91,aebf6e4c-3284-11ec-9992-5adc50ad8e5b,f5518b5d5a965c7b,2040-10-26 02:17:02.460,bc184e68-3286-11ec-8b7b-83da43ba4362
333,41eca9ca-3288-11ec-9992-5adc50ad8e5b,5847ace2-324c-11ec-bed2-9a010fca4d91,849e7e8833a8b9a8,2040-10-26 02:42:14.460,98c86e0a-324c-11ec-a204-9da21b625b1f
334,1f18f982-5cfc-11ec-bab4-e653f6f7ea85,1f165330-5cfc-11ec-bab4-e653f6f7ea85,447953F0-EC35-4F1D-AA0A-CEBE161A799B,2040-12-19 03:17:26.488,2e16b622-5cfc-11ec-b1e7-02405c521067
335,44367a1a-331b-11ec-9992-5adc50ad8e5b,12b5eb10-331b-11ec-bed2-9a010fca4d91,5bd1fda9e6078acd,2040-10-26 20:14:34.319,30ecc4be-331b-11ec-8b7c-4f667ee55425
336,b3237ee0-4d7f-11ec-89a8-d22bdb8453e3,b321a868-4d7f-11ec-89a8-d22bdb8453e3,F6524F1B-D83F-4047-BE1E-8E9FB1591DE6,2040-11-29 10:19:00.326,c9d7fd14-4d7f-11ec-bde9-aacd36976ad4
337,d080999e-5d8f-11ec-a0d8-a250eecfded7,5bced16a-5d8f-11ec-8043-a250eecfded7,5bd1fda9e6078acd,2040-12-19 20:54:40.143,7bf015da-5d8f-11ec-8f57-c3069be9ff97
338,40090440-5714-11ec-9550-067fc7bb5bd6,40072efe-5714-11ec-9550-067fc7bb5bd6,D44354A8-F559-456C-A112-8256130C84E0,2040-12-11 14:55:02.693,69ded394-5714-11ec-9c4f-88116078fe89
339,c59b7020-3239-11ec-96d7-22e1f5e2cde6,03525e6c-3238-11ec-90bc-6e1d7fb94ce5,72a463af4c63ad99,2040-10-25 17:20:25.145,1511e6ea-3238-11ec-baed-db9564ba7148
340,5c9ca318-4bda-11ec-9a4b-c687132219c8,b250542c-4bd4-11ec-89a8-d22bdb8453e3,A6B46FE8-8096-4C04-88D3-24B67C3DFF60,2040-11-27 08:02:57.035,ee248f30-4bd5-11ec-9b73-dd21c2b4b8f3
341,48855c68-3bc1-11ec-b9ee-aace27223b7f,e5d1182c-323e-11ec-9992-5adc50ad8e5b,f5518b5d5a965c7b,2040-11-06 20:23:07.306,4b96e0f6-323f-11ec-b1ea-94bbbdaee87f
342,48ac2368-43a3-11ec-9a8e-d22bdb8453e3,1b0f6a64-3313-11ec-b92a-9a010fca4d91,c7dddaf2e30c33c3,2040-11-16 21:08:31.960,3d918522-3313-11ec-8329-feef32fc5b19
343,2c994690-3fa4-11ec-958a-269185fd6da4,02e1d290-3fa4-11ec-ad47-a273009342b9,72a463af4c63ad99,2040-11-11 19:04:49.706,0b940da4-3fa4-11ec-ae44-e418f1ed08b7
344,4880b956-407b-11ec-944d-a273009342b9,e5d2b6ce-407a-11ec-ba64-0ed1735cda86,C1E9B90C-B4EE-46C5-9D39-16D64007F35F,2040-11-12 20:44:38.318,02067cf4-407b-11ec-97e9-a72123dd15f3
